Response_ID,Customer_ID,Campaign_ID,Response_Date,Response,Conversion
1,789,6,2025-12-05,Clicked,0.0
2,494,7,2025-02-23,Viewed,0.0
3,688,9,2026-01-16,Interested,1.0
4,215,8,2025-11-02,Viewed,0.0
5,197,6,2024-03-08,Viewed,0.0
6,259,7,2024-07-10,Unsubscribed,0.0
7,408,12,2026-06-02,Clicked,0.0
8,335,12,2025-12-25,Clicked,0.0
9,770,10,2026-06-07,Responded,0.0
10,169,5,2025-03-01,Viewed,0.0
11,343,3,2024-02-13,Purchased,1.0
12,246,9,2025-09-10,Clicked,0.0
13,208,12,2024-07-03,Clicked,0.0
14,647,6,2025-12-29,Clicked,0.0
15,346,1,2024-04-17,Clicked,0.0
16,514,4,2024-08-04,Viewed,0.0
17,755,12,2025-06-01,Viewed,0.0
18,542,10,2025-09-19,Purchased,1.0
19,202,7,2026-02-27,Purchased,1.0
20,41,8,2026-01-06,Interested,0.0
21,774,8,2024-02-15,Clicked,0.0
22,604,11,2026-03-21,Viewed,0.0
23,428,8,2025-09-15,Interested,1.0
24,606,4,2025-04-05,Viewed,0.0
25,40,4,2025-11-15,Purchased,1.0
26,261,7,2024-09-28,Viewed,0.0
27,228,8,2024-09-01,Clicked,0.0
28,78,5,2025-07-02,Unsubscribed,0.0
29,427,1,2025-05-28,Purchased,1.0
30,751,11,2026-03-17,Clicked,0.0
31,53,8,2025-08-17,Viewed,0.0
32,295,2,2026-05-25,Viewed,1.0
33,575,12,2024-12-02,Viewed,0.0
34,15,11,2025-03-15,Viewed,0.0
35,492,1,2024-04-11,Viewed,0.0
36,265,3,2025-11-04,Clicked,0.0
37,166,7,2024-07-27,Responded,0.0
38,784,5,2024-11-12,Purchased,1.0
39,709,9,2025-10-16,Viewed,1.0
40,125,1,2024-09-02,Viewed,0.0
41,777,5,2024-07-02,Viewed,0.0
42,125,9,2026-02-23,Unsubscribed,0.0
43,524,2,2025-05-07,Responded,0.0
44,86,6,2026-03-18,Viewed,0.0
45,194,9,2024-09-13,Responded,0.0
46,636,2,2024-03-05,Viewed,0.0
47,535,12,2025-07-01,Viewed,1.0
48,776,11,2024-12-25,Viewed,0.0
49,775,7,2024-04-16,Unsubscribed,0.0
50,413,4,2024-06-20,Viewed,0.0
51,793,10,2026-02-04,Responded,1.0
52,763,4,2026-05-04,Responded,0.0
53,507,9,2026-02-28,Clicked,0.0
54,378,4,2024-02-12,Viewed,0.0
55,585,6,2024-01-18,Purchased,1.0
56,382,11,2024-12-12,Clicked,0.0
57,323,8,2024-03-28,Viewed,0.0
58,534,9,2026-02-23,Viewed,0.0
59,507,9,2025-07-18,Responded,0.0
60,640,1,2026-03-16,Unsubscribed,0.0
61,320,9,2026-04-21,Clicked,0.0
62,110,1,2024-11-03,Responded,1.0
63,713,5,2026-04-15,Clicked,0.0
64,349,7,2024-03-17,Purchased,1.0
65,373,2,2025-05-25,Clicked,0.0
66,24,1,2024-10-18,Clicked,0.0
67,141,9,2025-09-09,Interested,0.0
68,117,2,2024-09-27,Responded,0.0
69,127,3,2025-08-13,Viewed,0.0
70,238,1,2024-10-10,Clicked,0.0
71,773,9,2026-05-29,Viewed,0.0
72,592,12,2025-07-13,Clicked,0.0
73,305,2,2025-02-17,Responded,0.0
74,431,2,2025-11-04,Clicked,0.0
75,141,2,2024-04-06,Purchased,1.0
76,603,1,2024-04-19,Purchased,1.0
77,44,8,2026-04-08,Clicked,0.0
78,271,3,2025-08-28,Purchased,1.0
79,254,2,2024-12-08,Viewed,0.0
80,583,12,2026-06-06,Viewed,0.0
81,482,4,2026-01-16,Responded,0.0
82,699,9,2024-09-01,Purchased,1.0
83,6,11,2025-06-19,Purchased,1.0
84,591,12,2026-03-05,Unsubscribed,0.0
85,244,1,2025-03-16,Viewed,0.0
86,198,9,2024-10-26,Clicked,0.0
87,605,7,2025-08-15,Clicked,0.0
88,128,12,2025-03-06,Viewed,0.0
89,2,2,2025-02-19,Interested,0.0
90,708,3,2025-08-13,Viewed,0.0
91,123,11,2024-09-11,Viewed,0.0
92,256,12,2024-02-17,Responded,0.0
93,137,4,2024-10-10,Purchased,1.0
94,589,1,2025-10-29,Viewed,0.0
95,713,1,2025-02-27,Viewed,0.0
96,148,3,2026-01-11,Interested,0.0
97,378,6,2025-02-24,Clicked,0.0
98,282,8,2025-11-10,Viewed,0.0
99,212,7,2024-12-27,Viewed,0.0
100,679,4,2025-05-16,Clicked,0.0
101,51,5,2024-01-04,Clicked,0.0
102,62,12,2025-04-14,Interested,0.0
103,114,5,2024-05-24,Clicked,0.0
104,788,1,2025-04-29,Responded,0.0
105,601,8,2024-12-22,Clicked,0.0
106,206,12,2026-06-03,Viewed,0.0
107,400,5,2024-06-13,Clicked,0.0
108,137,1,2026-03-10,Viewed,0.0
109,225,9,2025-06-05,Interested,0.0
110,275,12,2025-01-14,Interested,0.0
111,279,11,2025-06-12,Responded,0.0
112,21,2,2025-08-03,Purchased,1.0
113,110,4,2024-10-16,Viewed,0.0
114,685,9,2026-05-26,Interested,0.0
115,543,3,2025-10-04,Clicked,0.0
116,153,1,2024-12-01,Responded,0.0
117,430,10,2024-12-15,Viewed,0.0
118,112,12,2024-11-09,Responded,0.0
119,713,5,2025-08-23,Viewed,0.0
120,617,10,2025-07-31,Clicked,0.0
121,640,4,2024-09-07,Clicked,0.0
122,366,8,2026-02-16,Viewed,0.0
123,234,7,2025-07-29,Viewed,0.0
124,579,3,2024-08-24,Clicked,0.0
125,479,7,2025-07-01,Purchased,1.0
126,75,2,2025-11-28,Purchased,1.0
127,562,8,2026-01-05,Viewed,0.0
128,224,6,2024-04-09,Viewed,0.0
129,602,7,2024-05-03,Purchased,1.0
130,659,10,2025-04-05,Purchased,1.0
131,96,6,2024-08-30,Interested,0.0
132,257,10,2025-07-03,Responded,1.0
133,247,1,2025-05-02,Responded,0.0
134,674,12,2026-01-16,Viewed,0.0
135,222,7,2024-12-04,Viewed,0.0
136,235,10,2024-10-11,Viewed,0.0
137,366,8,2025-07-23,Responded,0.0
138,100,11,2025-08-08,Viewed,0.0
139,177,3,2024-08-27,Responded,0.0
140,201,4,2024-07-21,Viewed,0.0
141,678,8,2024-08-19,Interested,0.0
142,744,12,2024-07-28,Clicked,0.0
143,780,5,2026-05-04,Responded,0.0
144,65,3,2025-04-30,Clicked,0.0
145,36,9,2024-06-28,Responded,0.0
146,112,2,2026-02-21,Viewed,0.0
147,426,2,2025-03-21,Viewed,0.0
148,273,12,2025-06-16,Responded,0.0
149,544,10,2025-08-22,Purchased,1.0
150,464,3,2026-04-28,Purchased,1.0
151,546,11,2025-08-03,Viewed,0.0
152,177,10,2026-05-06,Responded,0.0
153,267,10,2024-08-07,Purchased,1.0
154,791,1,2024-07-19,Clicked,0.0
155,549,8,2024-04-03,Purchased,1.0
156,119,12,2024-05-09,Purchased,1.0
157,236,12,2025-12-18,Interested,0.0
158,574,8,2025-02-08,Purchased,1.0
159,595,12,2026-01-25,Unsubscribed,0.0
160,185,9,2026-06-15,Viewed,0.0
161,52,9,2026-05-28,Interested,0.0
162,248,9,2025-07-19,Viewed,0.0
163,96,5,2024-09-24,Clicked,0.0
164,183,1,2025-03-13,Clicked,0.0
165,144,4,2025-12-16,Interested,0.0
166,640,8,2024-03-14,Clicked,0.0
167,83,12,2026-02-17,Clicked,0.0
168,283,6,2024-01-31,Viewed,0.0
169,28,11,2025-12-08,Viewed,0.0
170,32,2,2024-11-26,Viewed,0.0
171,653,10,2024-03-24,Viewed,0.0
172,101,8,2026-03-13,Purchased,1.0
173,664,6,2024-02-28,Responded,0.0
174,620,1,2026-01-06,Viewed,0.0
175,389,11,2024-04-27,Responded,0.0
176,297,5,2024-09-24,Viewed,0.0
177,152,10,2025-11-15,Interested,0.0
178,503,9,2026-02-25,Viewed,0.0
179,782,5,2025-05-28,Interested,0.0
180,389,8,2024-02-11,Interested,0.0
181,46,10,2024-02-20,Viewed,0.0
182,252,7,2024-12-19,Interested,0.0
183,742,9,2024-10-08,Interested,0.0
184,577,2,2024-08-29,Clicked,0.0
185,524,4,2024-11-25,Clicked,0.0
186,318,3,2026-03-14,Interested,0.0
187,566,12,2024-02-10,Interested,0.0
188,213,4,2025-02-24,Interested,0.0
189,472,10,2024-12-29,Responded,0.0
190,640,11,2026-05-26,Purchased,1.0
191,190,3,2024-03-07,Viewed,0.0
192,126,7,,Unsubscribed,0.0
193,570,9,2026-01-26,Viewed,0.0
194,265,11,2024-06-30,Interested,0.0
195,255,9,2024-07-17,Clicked,0.0
196,542,11,2024-03-06,Clicked,
197,690,2,2024-05-24,Responded,0.0
198,303,12,2024-06-23,Interested,0.0
199,683,12,2024-11-10,Clicked,0.0
200,249,7,2026-02-13,Responded,0.0
201,743,9,2025-03-17,Viewed,0.0
202,797,5,2024-03-25,Clicked,0.0
203,400,5,2025-10-08,Clicked,0.0
204,769,6,2026-02-14,Clicked,0.0
205,192,7,2026-03-18,Viewed,0.0
206,349,9,2025-11-30,Viewed,0.0
207,747,1,2025-11-15,Viewed,0.0
208,422,5,2026-06-02,Clicked,0.0
209,544,9,2024-01-24,Responded,0.0
210,378,4,2025-07-23,Responded,0.0
211,283,6,2026-01-12,Purchased,1.0
212,477,10,2026-05-01,Responded,0.0
213,349,1,2024-10-23,Responded,0.0
214,299,4,2024-07-28,Purchased,1.0
215,214,6,2024-07-17,Unsubscribed,0.0
216,323,12,2024-05-05,Clicked,0.0
217,145,2,2024-04-02,Viewed,0.0
218,539,8,2026-01-08,Purchased,1.0
219,127,9,2024-02-19,Interested,0.0
220,608,2,2025-10-08,Responded,0.0
221,138,7,2025-10-21,Clicked,0.0
222,417,1,2026-01-10,Viewed,0.0
223,769,10,2026-02-18,Interested,0.0
224,336,7,2024-04-07,Clicked,0.0
225,417,9,2026-01-07,Purchased,1.0
226,9,1,2024-07-08,Viewed,0.0
227,31,10,2024-04-19,Clicked,0.0
228,563,3,2026-05-07,Interested,1.0
229,251,12,2025-01-21,Clicked,0.0
230,510,5,2026-01-16,Clicked,1.0
231,123,12,2025-03-01,Purchased,1.0
232,636,11,2024-08-06,Clicked,0.0
233,355,3,2024-02-29,Viewed,0.0
234,127,9,2025-10-16,Responded,0.0
235,553,5,2024-08-19,Viewed,0.0
236,352,1,2025-08-23,Viewed,1.0
237,200,3,2026-04-14,Responded,1.0
238,622,10,2025-06-01,Viewed,0.0
239,282,6,2024-12-11,Clicked,0.0
240,38,12,2026-02-02,Purchased,1.0
241,302,3,2025-06-16,Interested,1.0
242,44,6,2025-10-07,Viewed,0.0
243,244,8,2025-02-08,Clicked,1.0
244,762,1,2025-06-15,Responded,0.0
245,132,7,2026-03-10,Unsubscribed,1.0
246,198,1,2025-06-16,Purchased,1.0
247,370,7,2025-02-11,Purchased,1.0
248,91,1,2025-01-30,Viewed,0.0
249,329,12,2024-08-05,Viewed,0.0
250,224,5,2024-12-14,Clicked,0.0
251,522,9,2024-07-06,Clicked,0.0
252,642,8,2025-03-10,Responded,0.0
253,147,10,2024-08-03,Purchased,1.0
254,271,5,2026-02-06,Purchased,1.0
255,119,4,2024-11-07,Purchased,1.0
256,6,9,2025-04-03,Responded,0.0
257,244,8,2026-06-02,Responded,0.0
258,542,3,2025-02-21,Viewed,0.0
259,384,10,2026-01-11,Viewed,0.0
260,380,8,,Responded,0.0
261,49,9,2025-01-12,Purchased,1.0
262,595,12,2024-03-07,Unsubscribed,0.0
263,187,1,2026-01-01,Purchased,1.0
264,262,10,2026-04-06,Viewed,0.0
265,724,10,2025-09-30,Purchased,1.0
266,431,10,2025-08-09,Unsubscribed,0.0
267,673,5,2026-04-30,Interested,0.0
268,615,12,2026-01-17,Responded,0.0
269,468,2,,Clicked,0.0
270,375,10,2025-01-28,Interested,0.0
271,151,6,2025-08-01,Viewed,0.0
272,513,5,2025-08-06,Interested,1.0
273,200,3,2024-07-13,Viewed,0.0
274,229,5,2026-03-10,Viewed,1.0
275,414,10,2025-07-27,Purchased,1.0
276,57,7,2025-09-29,Responded,1.0
277,485,3,2025-02-11,Interested,0.0
278,428,1,2025-10-19,Clicked,0.0
279,317,9,2026-01-11,Viewed,0.0
280,334,11,2025-11-09,Interested,0.0
281,250,9,2024-05-21,Responded,0.0
282,18,5,2026-04-27,Viewed,0.0
283,418,11,2024-04-30,Purchased,1.0
284,712,10,2025-09-16,Clicked,0.0
285,151,7,2025-08-27,Responded,0.0
286,151,7,2025-11-07,Viewed,0.0
287,392,10,2025-01-22,Clicked,0.0
288,222,1,2025-07-29,Clicked,0.0
289,689,11,2024-05-29,Responded,0.0
290,322,10,2024-12-10,Purchased,1.0
291,769,2,2024-09-14,Unsubscribed,0.0
292,409,9,2024-06-01,Viewed,0.0
293,319,9,2024-10-05,Interested,0.0
294,31,3,2025-05-04,Responded,0.0
295,684,9,2025-03-20,Interested,0.0
296,399,2,2024-02-26,Viewed,1.0
297,397,9,2024-07-25,Viewed,0.0
298,627,6,2026-04-23,Purchased,1.0
299,27,1,2024-03-08,Clicked,0.0
300,664,5,2024-03-23,Clicked,0.0
301,756,6,2024-02-25,Clicked,0.0
302,645,9,2024-07-19,Purchased,1.0
303,454,11,2025-02-25,Interested,0.0
304,378,4,2025-10-14,Viewed,0.0
305,508,8,2025-03-29,Interested,0.0
306,60,12,2025-04-04,Purchased,1.0
307,744,7,2026-02-20,Purchased,1.0
308,688,3,2025-09-02,Viewed,0.0
309,95,12,2026-06-12,Clicked,0.0
310,486,7,2024-02-18,Purchased,1.0
311,579,12,2025-09-08,Viewed,0.0
312,24,7,2025-06-20,Responded,0.0
313,200,4,2024-07-26,Clicked,0.0
314,136,6,2025-01-01,Responded,0.0
315,354,7,2024-02-30,Clicked,1.0
316,476,1,2024-07-28,Unsubscribed,0.0
317,169,11,2024-04-14,Viewed,0.0
318,389,2,2024-08-12,Responded,0.0
319,526,11,2024-11-21,Viewed,0.0
320,588,6,2025-01-20,Viewed,0.0
321,77,11,2025-07-12,Clicked,0.0
322,51,12,2024-06-21,Purchased,1.0
323,331,1,2024-05-24,Purchased,1.0
324,302,9,2024-02-14,Purchased,1.0
325,97,7,2024-10-09,Clicked,0.0
326,463,4,2025-11-29,Viewed,0.0
327,482,9,2024-04-20,Purchased,1.0
328,475,12,2026-03-20,Clicked,0.0
329,192,2,2024-01-15,Unsubscribed,0.0
330,504,10,2025-07-03,Unsubscribed,0.0
331,199,5,2025-06-15,Purchased,1.0
332,430,3,2025-08-09,Interested,0.0
333,504,12,2025-12-04,Interested,0.0
334,437,4,2026-06-14,Unsubscribed,0.0
335,118,9,2024-06-30,Interested,1.0
336,419,1,2024-12-12,Viewed,0.0
337,757,1,2025-05-19,Responded,0.0
338,737,11,2025-03-14,Clicked,1.0
339,122,8,2025-05-04,Responded,0.0
340,509,4,2025-02-18,Interested,0.0
341,16,6,2026-02-21,Viewed,0.0
342,87,11,2026-05-10,Viewed,0.0
343,358,6,2025-11-21,Viewed,1.0
344,696,11,2025-01-09,Viewed,0.0
345,459,2,2025-12-04,Viewed,0.0
346,751,2,2025-06-19,Responded,1.0
347,75,10,2024-05-22,Clicked,0.0
348,468,10,2024-02-10,Interested,0.0
349,699,5,2024-08-28,Clicked,
350,296,9,2026-06-07,Viewed,0.0
351,39,6,2026-03-28,Viewed,0.0
352,748,4,2025-11-09,Unsubscribed,0.0
353,737,10,2026-01-03,Responded,0.0
354,299,11,2024-05-13,Clicked,0.0
355,754,10,2025-06-08,Interested,0.0
356,87,5,2024-12-21,Clicked,0.0
357,469,1,2025-12-12,Responded,0.0
358,184,4,2025-07-11,Clicked,0.0
359,201,9,2026-02-26,Purchased,1.0
360,192,1,2025-09-22,Clicked,0.0
361,80,10,2024-03-06,Responded,0.0
362,473,8,2025-09-17,Interested,0.0
363,154,10,2025-08-11,Purchased,1.0
364,518,8,2026-01-05,Unsubscribed,0.0
365,133,6,2025-06-12,Interested,0.0
366,768,1,2026-03-20,Interested,0.0
367,537,1,2025-02-12,Interested,0.0
368,244,6,2024-02-23,Responded,0.0
369,680,6,2026-02-12,Purchased,1.0
370,391,12,2025-09-26,Clicked,0.0
371,40,1,2025-11-20,Viewed,0.0
372,555,3,2026-03-08,Responded,0.0
373,275,5,2024-07-05,Purchased,1.0
374,403,8,2025-08-30,Clicked,0.0
375,627,5,2024-07-09,Interested,0.0
376,137,11,2025-06-29,Responded,0.0
377,401,4,2026-06-06,Purchased,1.0
378,560,10,2024-04-15,Clicked,0.0
379,82,11,2025-11-27,Purchased,1.0
380,192,9,2026-02-18,Clicked,1.0
381,495,3,2024-12-17,Clicked,1.0
382,176,7,2025-08-26,Viewed,0.0
383,352,9,2025-09-14,Responded,0.0
384,229,9,2024-04-18,Interested,0.0
385,375,1,2025-10-23,Clicked,0.0
386,396,9,2024-11-28,Viewed,0.0
387,500,11,2024-10-21,Unsubscribed,0.0
388,199,5,2025-10-05,Interested,0.0
389,525,10,2024-03-17,Purchased,1.0
390,116,8,2025-09-05,Clicked,0.0
391,535,12,2024-12-07,Interested,0.0
392,39,2,2026-05-08,Clicked,0.0
393,91,6,2024-10-27,Clicked,0.0
394,336,4,2024-04-19,Viewed,0.0
395,635,4,2026-04-17,Clicked,0.0
396,538,2,2024-08-31,Responded,0.0
397,325,1,2024-01-17,Purchased,1.0
398,273,3,2025-12-14,Purchased,1.0
399,112,5,2026-02-27,Responded,0.0
400,363,3,2025-04-12,Clicked,0.0
401,125,12,2025-08-28,Interested,0.0
402,620,12,2026-05-04,Viewed,0.0
403,279,6,2024-05-12,Viewed,0.0
404,572,6,2025-02-15,Viewed,0.0
405,339,9,2026-04-08,Purchased,1.0
406,795,7,2025-03-02,Viewed,0.0
407,792,10,2025-06-02,,0.0
408,552,8,2024-10-13,Clicked,0.0
409,505,12,2024-12-11,Interested,1.0
410,686,5,2025-07-08,Interested,0.0
411,433,6,2026-03-26,Purchased,1.0
412,730,10,2024-10-21,Viewed,0.0
413,630,2,2024-03-25,Unsubscribed,0.0
414,341,1,2024-05-19,Purchased,1.0
415,7,1,2024-02-13,Viewed,0.0
416,655,4,2025-08-23,Interested,0.0
417,243,3,2025-10-20,Purchased,1.0
418,119,6,2026-06-08,Clicked,0.0
419,332,6,2025-05-07,Viewed,0.0
420,649,7,2025-07-22,Responded,0.0
421,291,5,2024-10-18,Purchased,1.0
422,538,10,2025-01-27,Clicked,0.0
423,734,8,2024-05-27,Clicked,0.0
424,228,7,2025-04-04,Purchased,1.0
425,452,12,2024-10-26,Interested,0.0
426,7,3,2025-01-10,Unsubscribed,1.0
427,721,3,2025-01-12,Clicked,1.0
428,72,9,2024-08-11,,0.0
429,557,2,2026-01-24,Viewed,0.0
430,130,4,2025-09-13,Viewed,0.0
431,8,11,2024-11-08,Interested,0.0
432,757,1,2024-04-02,Interested,0.0
433,502,3,2024-07-27,Responded,0.0
434,25,9,2024-06-18,Responded,0.0
435,724,2,2025-11-12,Clicked,0.0
436,359,8,2025-04-20,Clicked,0.0
437,372,9,2025-10-04,Viewed,0.0
438,159,10,2024-02-03,Clicked,0.0
439,524,11,2026-01-29,Clicked,0.0
440,568,4,2026-01-17,Viewed,0.0
441,187,12,2025-03-26,Purchased,1.0
442,661,8,2024-06-28,Viewed,0.0
443,204,8,2026-03-17,Responded,0.0
444,579,11,2025-08-19,Purchased,1.0
445,30,6,2024-07-05,Viewed,0.0
446,581,10,2024-08-07,Responded,0.0
447,104,12,2025-03-13,Responded,0.0
448,600,2,2025-10-17,Clicked,0.0
449,148,4,2024-06-19,Clicked,0.0
450,251,10,2026-05-26,Purchased,1.0
451,209,6,2025-07-23,Purchased,1.0
452,274,7,2024-05-05,Clicked,0.0
453,755,12,2025-05-19,Viewed,0.0
454,297,4,2024-01-21,Interested,0.0
455,260,10,2026-04-10,Purchased,1.0
456,511,10,2026-01-02,Responded,0.0
457,458,10,2026-04-24,Unsubscribed,0.0
458,3,3,2025-08-07,Viewed,0.0
459,57,6,2024-09-09,Responded,0.0
460,778,9,2025-05-24,Responded,0.0
461,725,6,2024-05-21,Interested,0.0
462,532,4,2024-05-13,Viewed,0.0
463,771,2,2024-05-17,Responded,0.0
464,744,1,2025-07-15,Viewed,0.0
465,46,5,2026-02-18,Interested,0.0
466,703,8,2025-06-15,Interested,0.0
467,449,6,2025-12-01,Viewed,0.0
468,722,6,2025-11-14,Interested,0.0
469,653,9,2025-02-07,Purchased,1.0
470,769,1,2024-07-25,Viewed,1.0
471,242,7,2025-10-22,Viewed,0.0
472,588,6,2024-04-22,Clicked,0.0
473,167,4,2026-06-11,Responded,0.0
474,96,1,2026-03-08,Viewed,0.0
475,798,12,2025-08-23,Responded,0.0
476,95,5,2024-07-22,Clicked,0.0
477,753,9,2024-07-16,Viewed,0.0
478,6,10,2025-03-01,Purchased,1.0
479,85,4,2025-12-04,Interested,0.0
480,118,3,2025-02-11,Viewed,0.0
481,156,2,2024-07-31,,0.0
482,718,8,2025-02-23,Clicked,0.0
483,55,2,2025-09-12,Responded,0.0
484,119,2,,Clicked,0.0
485,186,1,2024-05-03,Interested,0.0
486,140,12,2024-12-17,Responded,1.0
487,779,8,2024-09-11,Viewed,0.0
488,748,4,2024-02-07,Clicked,0.0
489,390,6,2024-08-01,Interested,0.0
490,467,11,2026-06-16,Responded,0.0
491,534,2,2024-06-02,Responded,0.0
492,103,2,2024-10-18,Viewed,0.0
493,405,11,2025-06-21,Viewed,0.0
494,9,10,2025-11-11,Clicked,0.0
495,611,5,2025-01-19,Viewed,0.0
496,606,4,2025-12-18,Unsubscribed,1.0
497,359,12,2025-01-24,Unsubscribed,0.0
498,760,12,2025-11-01,Viewed,1.0
499,733,11,2025-08-05,Interested,0.0
500,712,10,2025-05-23,Unsubscribed,0.0
501,235,8,2024-05-01,Viewed,0.0
502,368,9,2024-11-30,Interested,0.0
503,781,3,2024-08-05,Unsubscribed,0.0
504,77,12,2026-03-08,Viewed,0.0
505,494,1,2025-03-08,Viewed,0.0
506,491,4,2025-07-24,Clicked,0.0
507,614,10,2024-03-03,Clicked,0.0
508,88,7,2025-03-12,Purchased,1.0
509,23,7,2024-08-21,Viewed,0.0
510,544,11,2024-04-19,Clicked,0.0
511,163,11,2025-10-08,Interested,0.0
512,728,5,2024-02-03,Viewed,0.0
513,631,6,2025-02-19,Purchased,1.0
514,578,11,2025-04-07,Clicked,0.0
515,316,10,2024-02-30,Clicked,0.0
516,798,6,2025-01-15,Clicked,0.0
517,253,5,2025-05-06,Unsubscribed,0.0
518,258,8,2025-03-20,Viewed,0.0
519,61,2,2026-03-27,Responded,0.0
520,213,1,2026-04-05,Purchased,1.0
521,423,9,2024-02-30,Viewed,0.0
522,782,2,2025-05-15,Viewed,0.0
523,558,1,2025-06-13,Viewed,0.0
524,376,8,2024-04-19,Viewed,0.0
525,738,2,2024-12-16,Responded,0.0
526,201,9,2024-02-13,Clicked,0.0
527,56,8,2025-12-30,Viewed,0.0
528,49,5,2025-01-04,Purchased,1.0
529,283,8,2024-11-03,Viewed,0.0
530,117,12,2024-07-20,Viewed,0.0
531,187,6,2025-06-28,Purchased,1.0
532,693,6,2025-04-02,Clicked,0.0
533,260,8,2024-01-31,Viewed,0.0
534,342,4,2025-11-18,Unsubscribed,0.0
535,622,7,2024-06-09,Unsubscribed,0.0
536,451,5,2026-05-08,Clicked,0.0
537,153,2,2024-12-27,Interested,0.0
538,142,12,2026-05-24,Clicked,0.0
539,273,7,2025-02-28,Clicked,0.0
540,339,11,2025-08-26,Viewed,0.0
541,120,1,2025-04-02,Interested,0.0
542,128,5,2024-02-08,Viewed,0.0
543,600,4,2025-07-10,Responded,0.0
544,733,10,2026-02-14,Responded,0.0
545,714,5,2025-08-10,Viewed,0.0
546,725,2,2024-11-20,Responded,0.0
547,626,10,2025-05-28,Viewed,0.0
548,663,10,2026-04-21,Clicked,0.0
549,621,9,2025-05-19,Interested,0.0
550,204,8,2025-08-27,Clicked,0.0
551,425,7,2025-09-09,Interested,0.0
552,421,7,2024-04-11,Viewed,0.0
553,51,8,2025-05-06,Interested,0.0
554,179,6,2025-03-23,Viewed,0.0
555,528,11,2025-08-28,Interested,0.0
556,117,10,2025-04-01,Unsubscribed,0.0
557,271,3,2025-03-17,Unsubscribed,1.0
558,143,1,2024-08-07,Clicked,0.0
559,554,3,2024-04-18,Viewed,0.0
560,163,11,2025-11-12,Responded,0.0
561,677,11,2024-09-22,Viewed,1.0
562,559,2,2024-08-28,Clicked,0.0
563,630,10,2025-06-09,Interested,0.0
564,799,10,2025-04-04,Purchased,1.0
565,115,2,2025-03-31,Purchased,1.0
566,749,9,2025-05-30,Interested,1.0
567,678,9,2024-02-01,Unsubscribed,0.0
568,560,7,2024-09-23,Clicked,0.0
569,777,2,2025-04-07,Purchased,1.0
570,365,9,2025-06-09,Responded,0.0
571,451,9,2025-01-17,Clicked,0.0
572,177,1,2026-04-11,Viewed,0.0
573,429,8,2024-11-23,Clicked,0.0
574,185,4,2025-01-24,Interested,0.0
575,413,2,2026-02-21,Interested,0.0
576,162,9,2025-05-26,Responded,0.0
577,170,10,2025-11-17,Clicked,0.0
578,155,8,2026-01-13,Responded,0.0
579,687,8,2025-11-11,Interested,0.0
580,603,6,2024-08-22,Responded,0.0
581,91,10,2025-03-09,Viewed,0.0
582,507,9,2025-10-19,Viewed,0.0
583,691,12,2025-07-20,Interested,0.0
584,387,6,2024-04-19,Responded,0.0
585,675,11,2025-10-18,Clicked,0.0
586,47,10,2025-03-07,Responded,0.0
587,625,7,2025-01-27,Interested,0.0
588,627,7,2024-01-27,Viewed,0.0
589,156,2,2025-03-30,Viewed,0.0
590,105,7,2024-05-25,Viewed,1.0
591,594,4,2026-04-25,Interested,0.0
592,560,3,2024-01-01,Interested,0.0
593,798,4,2024-09-29,Interested,0.0
594,514,4,2025-09-20,Viewed,0.0
595,265,7,2025-05-06,Viewed,1.0
596,540,8,2025-09-08,Interested,0.0
597,639,2,2024-04-01,Clicked,0.0
598,116,10,2026-02-13,Purchased,1.0
599,255,6,2025-11-08,Responded,0.0
600,168,4,2026-01-01,Clicked,0.0
601,487,12,2025-02-21,Purchased,1.0
602,350,3,2024-09-11,Viewed,0.0
603,570,9,2024-04-06,Clicked,0.0
604,718,1,2024-06-18,Clicked,1.0
605,769,5,2025-05-22,Viewed,0.0
606,100,7,2024-11-21,Responded,0.0
607,714,5,2024-10-07,Viewed,0.0
608,412,2,2025-04-26,Responded,0.0
609,766,2,2026-03-01,Interested,0.0
610,609,9,2025-08-09,Responded,0.0
611,560,9,2026-01-16,Viewed,0.0
612,565,3,2024-04-09,Viewed,0.0
613,424,9,2026-05-18,Purchased,1.0
614,232,6,2025-09-29,Viewed,0.0
615,386,5,2025-07-13,Clicked,0.0
616,633,4,2025-12-16,Purchased,1.0
617,406,12,2025-09-25,Interested,0.0
618,519,7,2025-08-03,Clicked,0.0
619,93,6,2024-12-14,Interested,1.0
620,676,1,2024-04-23,Viewed,0.0
621,614,11,2024-07-03,Viewed,0.0
622,490,6,2024-09-09,Responded,0.0
623,712,1,2024-12-25,Viewed,0.0
624,433,11,2026-01-15,Viewed,0.0
625,551,9,2026-04-06,Clicked,0.0
626,255,7,2025-12-27,Interested,0.0
627,594,5,2024-12-01,Clicked,0.0
628,498,1,2024-02-20,Viewed,0.0
629,587,5,2026-04-06,Viewed,0.0
630,595,5,2024-07-02,Viewed,1.0
631,385,11,2026-06-04,Viewed,0.0
632,571,10,2025-03-21,Clicked,0.0
633,335,7,2024-09-25,Viewed,0.0
634,319,6,2025-03-09,Purchased,1.0
635,502,8,2024-12-14,Interested,0.0
636,462,5,2026-02-25,Clicked,0.0
637,519,10,2024-01-30,Clicked,0.0
638,379,5,2026-03-29,Clicked,0.0
639,134,11,2024-07-07,Responded,0.0
640,297,1,2024-04-21,Clicked,0.0
641,623,6,2024-08-22,Purchased,1.0
642,10,12,2025-11-22,Clicked,0.0
643,122,3,2024-06-04,Clicked,1.0
644,463,7,2025-05-04,Responded,0.0
645,411,3,2026-02-21,Clicked,0.0
646,29,2,2024-03-21,Viewed,0.0
647,103,2,2025-01-16,Purchased,1.0
648,516,5,2025-06-30,Responded,0.0
649,62,1,2026-02-17,Purchased,1.0
650,550,1,2024-04-20,Clicked,0.0
651,406,8,2025-12-29,Clicked,0.0
652,201,2,2024-06-26,Interested,0.0
653,367,8,2026-03-15,Purchased,1.0
654,280,8,2024-05-18,Purchased,1.0
655,419,5,2026-05-23,Viewed,0.0
656,78,3,2026-01-17,Viewed,0.0
657,209,9,2024-09-14,Viewed,0.0
658,491,6,2024-08-21,Clicked,0.0
659,748,7,2026-06-06,Responded,0.0
660,568,6,2026-04-18,Interested,0.0
661,272,9,2024-06-28,Clicked,0.0
662,571,12,2026-02-08,Viewed,0.0
663,260,6,2026-03-27,Responded,1.0
664,49,1,2025-11-23,Purchased,1.0
665,261,5,2025-10-30,Clicked,0.0
666,347,12,2024-05-29,Purchased,1.0
667,79,2,2024-05-23,Purchased,1.0
668,158,12,2025-04-03,Clicked,0.0
669,784,12,2026-01-18,Purchased,1.0
670,699,10,2026-01-21,Unsubscribed,0.0
671,449,7,2026-02-21,Viewed,0.0
672,661,11,2025-11-25,Responded,0.0
673,32,4,2026-06-07,Unsubscribed,0.0
674,702,3,2026-04-19,Viewed,0.0
675,732,1,2025-11-01,Interested,0.0
676,69,10,2026-03-13,Clicked,0.0
677,43,5,2024-12-02,Responded,0.0
678,396,10,2026-03-22,Purchased,1.0
679,333,12,2025-07-12,Interested,0.0
680,640,4,2024-12-04,Unsubscribed,0.0
681,13,1,2026-05-28,Purchased,1.0
682,717,11,2026-01-28,Viewed,0.0
683,406,8,2025-04-30,Interested,0.0
684,69,7,2024-12-19,Purchased,1.0
685,286,5,2024-09-17,Purchased,1.0
686,369,5,2024-09-25,Clicked,0.0
687,216,9,2026-06-19,Clicked,0.0
688,618,10,2024-08-10,Clicked,0.0
689,110,1,2025-10-19,Responded,0.0
690,744,11,2024-11-24,Viewed,0.0
691,151,9,2025-04-12,Purchased,1.0
692,525,11,2024-09-18,Purchased,1.0
693,753,7,2026-04-03,Interested,0.0
694,601,9,2025-06-10,Responded,0.0
695,783,12,2025-09-05,Viewed,1.0
696,323,8,2025-08-15,Responded,0.0
697,108,5,2026-05-09,Clicked,0.0
698,386,4,2024-02-07,Unsubscribed,0.0
699,613,9,2026-02-04,Purchased,1.0
700,728,5,2024-06-28,Viewed,0.0
701,571,11,2024-08-19,Interested,0.0
702,242,4,2025-08-04,Responded,0.0
703,116,11,2025-11-06,Interested,0.0
704,161,10,2024-08-03,Purchased,1.0
705,530,9,2024-02-20,Responded,0.0
706,218,3,2024-05-29,Viewed,0.0
707,16,3,2024-08-23,Viewed,0.0
708,65,12,2025-06-18,Clicked,0.0
709,118,1,2024-01-31,Interested,0.0
710,688,9,2026-04-01,Responded,0.0
711,125,1,2025-07-14,Viewed,0.0
712,382,7,2026-03-26,Viewed,0.0
713,742,4,2025-07-20,Clicked,0.0
714,250,11,2024-03-28,Interested,0.0
715,495,5,2025-03-07,Responded,0.0
716,564,11,2024-05-21,Viewed,0.0
717,603,6,2026-05-02,Responded,0.0
718,4,4,2026-01-20,Responded,0.0
719,770,7,2024-07-05,Viewed,0.0
720,286,6,2026-01-30,Interested,0.0
721,77,6,2024-01-21,Purchased,1.0
722,48,7,2025-03-19,Purchased,1.0
723,685,7,2025-03-08,Viewed,0.0
724,663,7,2025-01-14,Clicked,0.0
725,93,12,2026-05-10,Purchased,1.0
726,231,5,2024-01-02,Unsubscribed,
727,103,7,2025-09-20,Unsubscribed,0.0
728,276,10,2025-04-25,Viewed,0.0
729,377,9,2026-02-17,Viewed,0.0
730,208,5,2025-07-21,Viewed,0.0
731,582,10,2025-09-28,Clicked,0.0
732,471,1,2025-06-24,Viewed,0.0
733,569,9,2025-10-12,Interested,0.0
734,699,11,2025-10-18,Clicked,
735,373,1,2025-01-14,Unsubscribed,0.0
736,372,8,2026-05-14,Viewed,0.0
737,387,1,2025-12-10,Interested,0.0
738,90,3,2025-03-17,Purchased,1.0
739,783,6,2025-04-10,Unsubscribed,0.0
740,592,9,2026-04-30,Purchased,1.0
741,390,1,2024-11-05,Purchased,1.0
742,567,1,2026-02-18,Purchased,1.0
743,586,6,2024-05-22,Purchased,1.0
744,473,6,2024-12-09,Interested,1.0
745,121,8,2025-05-13,Clicked,0.0
746,688,12,2024-05-21,Clicked,0.0
747,190,2,2024-04-08,Interested,0.0
748,661,9,2024-05-28,Clicked,0.0
749,607,7,2024-05-21,Clicked,0.0
750,145,10,2025-05-03,Clicked,0.0
751,461,1,2026-04-10,Responded,1.0
752,271,12,2026-01-18,Clicked,0.0
753,108,9,2024-12-20,Responded,0.0
754,47,6,2025-03-21,Responded,0.0
755,592,3,2024-05-09,Unsubscribed,0.0
756,1,12,2025-08-11,Viewed,0.0
757,65,11,2025-02-12,Viewed,0.0
758,351,7,2024-10-08,Purchased,1.0
759,471,3,2024-08-04,Unsubscribed,0.0
760,482,3,2025-05-30,Viewed,0.0
761,336,12,2026-03-17,Viewed,0.0
762,498,9,2025-10-29,Purchased,1.0
763,530,3,2024-06-13,Responded,0.0
764,247,2,2024-05-19,Purchased,1.0
765,75,7,2025-07-09,Purchased,1.0
766,791,6,2024-01-07,Clicked,0.0
767,360,9,not_date,Responded,1.0
768,94,2,2025-08-11,Clicked,0.0
769,183,8,2026-04-06,Viewed,0.0
770,89,6,2024-07-09,Clicked,0.0
771,45,12,2025-01-06,Viewed,0.0
772,452,1,2026-04-20,Interested,0.0
773,34,8,2024-03-13,Unsubscribed,0.0
774,697,1,2024-01-05,Purchased,1.0
775,263,12,2026-04-29,Purchased,1.0
776,89,9,2025-08-10,Responded,0.0
777,336,12,2024-10-27,Viewed,0.0
778,582,9,2025-04-24,Clicked,0.0
779,219,7,2024-12-18,Viewed,0.0
780,484,2,2025-02-27,Unsubscribed,0.0
781,640,12,2025-06-11,Purchased,1.0
782,486,4,2026-04-04,Clicked,0.0
783,219,12,2026-03-03,,0.0
784,47,3,2024-12-26,Responded,0.0
785,413,4,2025-12-02,Viewed,0.0
786,304,4,2026-03-13,Responded,0.0
787,263,9,2026-02-21,Purchased,1.0
788,248,6,2026-06-11,Purchased,1.0
789,431,9,2024-03-02,Clicked,0.0
790,559,7,2024-02-09,Responded,0.0
791,603,9,2024-08-12,Purchased,1.0
792,258,5,2025-07-08,Interested,0.0
793,182,6,2026-03-30,Viewed,1.0
794,646,5,2025-02-19,Purchased,1.0
795,554,1,2024-12-04,Clicked,0.0
796,455,5,2025-12-22,Viewed,0.0
797,635,6,2024-12-26,Viewed,1.0
798,164,4,2025-08-01,Viewed,0.0
799,609,1,2025-07-07,Purchased,1.0
800,785,6,2024-04-19,Viewed,0.0
801,317,12,2024-01-29,Responded,0.0
802,240,2,2024-03-26,Purchased,1.0
803,474,9,2025-02-01,Viewed,1.0
804,20,3,2024-12-02,Unsubscribed,0.0
805,456,11,2025-02-02,Viewed,0.0
806,173,11,2024-01-25,Clicked,0.0
807,240,6,2026-04-17,Purchased,1.0
808,275,12,2024-03-26,Responded,1.0
809,85,11,2024-05-18,Viewed,0.0
810,580,6,2026-06-11,Purchased,1.0
811,11,3,2026-05-30,Clicked,0.0
812,52,2,2024-11-23,Viewed,0.0
813,737,3,2026-06-18,Clicked,0.0
814,703,11,2025-08-25,Viewed,0.0
815,633,6,2024-02-02,Clicked,0.0
816,505,2,2026-02-22,Clicked,0.0
817,133,8,2025-09-01,Interested,1.0
818,726,12,2025-08-27,Responded,0.0
819,237,11,2026-02-08,Unsubscribed,0.0
820,403,5,2025-11-24,Interested,1.0
821,792,12,2024-01-13,Viewed,0.0
822,122,1,2024-10-11,Clicked,1.0
823,220,7,2024-02-16,Interested,0.0
824,779,5,2024-03-06,Viewed,0.0
825,629,2,2024-08-14,Purchased,1.0
826,345,10,2025-09-23,Purchased,1.0
827,559,6,2024-12-20,Responded,0.0
828,383,11,2025-08-03,Clicked,0.0
829,398,2,2024-02-04,Viewed,1.0
830,584,10,2024-01-14,Interested,0.0
831,439,9,2024-03-01,Viewed,0.0
832,450,8,2024-09-26,Viewed,0.0
833,248,8,2025-05-27,Viewed,0.0
834,734,4,2025-11-09,Viewed,0.0
835,315,10,2025-12-16,Purchased,1.0
836,384,4,2024-01-22,Viewed,0.0
837,387,3,2024-12-08,Clicked,0.0
838,649,6,2026-04-28,Viewed,0.0
839,389,6,2024-09-18,Viewed,0.0
840,293,2,2025-04-15,Interested,0.0
841,63,11,2024-07-10,Responded,0.0
842,798,3,2024-08-12,Responded,0.0
843,98,2,2024-01-16,Responded,0.0
844,41,11,2025-03-07,Unsubscribed,0.0
845,251,1,2025-10-14,Responded,0.0
846,424,9,2024-09-16,Viewed,0.0
847,120,2,2025-01-28,Clicked,0.0
848,140,10,2024-01-07,Clicked,0.0
849,468,6,2026-02-11,Purchased,1.0
850,577,9,2026-03-19,Purchased,1.0
851,462,6,2026-05-27,Interested,0.0
852,176,10,2026-01-24,Interested,0.0
853,172,7,2024-02-17,Viewed,0.0
854,430,11,2026-04-03,Purchased,1.0
855,9,12,2024-05-24,Clicked,0.0
856,192,2,2024-09-18,Clicked,0.0
857,26,12,2025-09-02,Viewed,0.0
858,118,2,2026-03-31,Clicked,0.0
859,731,9,2024-01-07,Viewed,0.0
860,173,2,2025-10-24,Responded,0.0
861,176,2,2024-12-27,Purchased,1.0
862,538,2,2025-06-18,Interested,0.0
863,5,11,2025-01-09,Interested,0.0
864,792,2,2025-05-30,Clicked,0.0
865,341,9,2025-07-17,Viewed,0.0
866,321,10,2026-02-06,Clicked,1.0
867,172,12,2025-12-08,Viewed,0.0
868,46,12,2024-02-21,Responded,0.0
869,243,8,2025-07-01,Responded,0.0
870,222,2,2025-07-14,Purchased,1.0
871,624,3,2025-06-04,Purchased,1.0
872,492,3,2026-04-02,Interested,0.0
873,319,1,2025-11-04,Viewed,0.0
874,173,12,2026-02-11,Clicked,0.0
875,182,9,2024-08-06,Interested,0.0
876,641,4,2024-05-18,Responded,0.0
877,259,2,2024-10-11,Viewed,1.0
878,671,4,2026-01-18,Viewed,0.0
879,538,12,2024-04-22,Viewed,1.0
880,369,10,2025-09-08,Responded,0.0
881,690,3,2026-01-23,Interested,-1.0
882,37,11,2024-07-31,Purchased,1.0
883,284,12,2025-12-13,Viewed,0.0
884,134,12,2025-03-25,,0.0
885,131,12,2026-06-15,Viewed,0.0
886,199,1,2026-03-06,Responded,0.0
887,428,6,2024-02-18,Clicked,0.0
888,3,11,2026-04-24,Viewed,0.0
889,610,4,2026-04-28,Clicked,0.0
890,408,10,2024-04-08,Interested,0.0
891,787,2,2025-12-01,Viewed,0.0
892,613,2,2025-03-01,Responded,0.0
893,761,2,2025-04-25,Clicked,0.0
894,42,3,2025-08-19,Responded,0.0
895,123,1,2024-09-26,Viewed,1.0
896,555,5,2024-03-09,Interested,0.0
897,155,10,2024-03-24,Unsubscribed,0.0
898,122,7,2025-05-13,Viewed,0.0
899,416,9,2025-01-12,Purchased,1.0
900,428,7,2025-04-16,Purchased,1.0
901,42,7,2024-08-27,Responded,1.0
902,87,10,2025-06-08,Unsubscribed,0.0
903,62,5,2025-08-18,Clicked,0.0
904,261,5,2025-11-02,Viewed,1.0
905,401,4,2025-12-02,Clicked,0.0
906,735,4,2025-08-04,Clicked,0.0
907,663,10,2025-01-20,Viewed,0.0
908,173,7,2024-05-17,Clicked,0.0
909,91,5,2024-05-30,Viewed,0.0
910,682,3,2026-04-28,Responded,1.0
911,569,12,2024-11-24,Viewed,0.0
912,696,9,2026-05-20,Interested,0.0
913,41,9,2026-01-22,Clicked,1.0
914,704,10,2024-04-10,Responded,1.0
915,152,11,2024-09-02,Responded,0.0
916,729,2,2025-11-04,Interested,0.0
917,270,4,2024-07-24,Interested,0.0
918,138,12,2024-10-15,Purchased,1.0
919,192,6,2025-11-13,Viewed,0.0
920,231,4,2024-09-23,Purchased,1.0
921,36,12,2024-09-03,Viewed,0.0
922,375,11,2025-06-25,Clicked,0.0
923,737,5,2025-01-13,Purchased,1.0
924,798,12,2025-02-03,Purchased,1.0
925,578,11,2024-10-02,Clicked,0.0
926,412,10,2025-12-30,Purchased,1.0
927,275,12,2026-03-01,Purchased,1.0
928,651,6,2024-07-23,Clicked,0.0
929,380,10,2025-04-28,Purchased,1.0
930,278,7,2025-01-30,Purchased,1.0
931,609,9,2025-01-26,Purchased,1.0
932,66,7,2024-08-01,Purchased,1.0
933,130,2,2024-06-30,Clicked,0.0
934,549,12,2024-01-09,Interested,1.0
935,634,5,2025-06-04,Viewed,0.0
936,779,7,2025-09-02,Viewed,0.0
937,381,10,2025-01-25,Clicked,0.0
938,187,2,2026-05-23,Purchased,1.0
939,14,8,2026-06-09,Purchased,1.0
940,140,4,2025-01-11,Responded,0.0
941,122,5,2024-07-04,Clicked,1.0
942,293,1,2025-11-14,Purchased,1.0
943,667,9,2025-08-20,Viewed,0.0
944,162,7,2026-04-16,Viewed,0.0
945,317,4,2026-01-05,Unsubscribed,0.0
946,423,4,2025-11-04,Responded,0.0
947,698,1,2024-01-31,Interested,0.0
948,125,8,2025-06-27,Unsubscribed,0.0
949,146,2,2024-03-22,Clicked,0.0
950,95,9,2024-10-14,Clicked,0.0
951,674,5,2026-01-26,Purchased,1.0
952,444,9,2026-03-27,Clicked,0.0
953,697,11,2025-11-26,Clicked,0.0
954,199,11,2024-06-16,Purchased,1.0
955,693,1,2025-12-09,Interested,0.0
956,760,3,2024-08-15,Purchased,1.0
957,474,8,2024-05-15,Interested,0.0
958,332,7,2024-07-11,Viewed,0.0
959,286,1,2025-10-23,Unsubscribed,1.0
960,645,12,2024-12-31,Unsubscribed,0.0
961,550,2,2024-01-26,Purchased,1.0
962,377,6,2025-10-26,Interested,1.0
963,38,1,2024-06-04,Clicked,0.0
964,747,3,2024-03-08,Clicked,0.0
965,679,4,2024-05-02,Clicked,0.0
966,233,10,2025-12-09,Responded,0.0
967,223,7,2025-06-25,Unsubscribed,0.0
968,507,3,2024-02-05,Viewed,0.0
969,638,6,2024-12-25,Responded,0.0
970,401,3,2026-01-08,Viewed,0.0
971,590,12,2025-10-08,Purchased,1.0
972,253,6,2024-05-10,Responded,1.0
973,361,11,2025-11-30,Viewed,0.0
974,174,3,2025-10-17,Responded,0.0
975,233,12,2025-09-22,Viewed,0.0
976,623,3,2024-01-02,Clicked,0.0
977,708,12,2026-04-28,Purchased,1.0
978,228,6,2024-08-18,Viewed,0.0
979,90,9,2024-12-24,Purchased,1.0
980,481,7,2024-04-03,Purchased,1.0
981,565,8,2024-02-16,Interested,0.0
982,510,2,2026-02-21,Interested,0.0
983,205,7,2024-02-09,Viewed,0.0
984,160,7,2024-04-12,Clicked,0.0
985,567,4,2025-07-25,Responded,0.0
986,188,12,2024-04-01,Purchased,1.0
987,505,11,2026-03-23,Unsubscribed,0.0
988,725,5,2025-06-30,Purchased,1.0
989,799,7,2025-05-04,Viewed,0.0
990,269,3,2024-05-28,Viewed,1.0
991,222,12,2024-06-05,Viewed,0.0
992,730,9,2024-01-18,Interested,0.0
993,300,5,2024-06-06,Clicked,1.0
994,759,10,2024-06-06,Responded,0.0
995,702,11,2026-05-30,Viewed,0.0
996,363,7,2024-02-28,Clicked,0.0
997,633,6,2024-08-04,Clicked,0.0
998,399,4,2026-05-03,Purchased,1.0
999,740,8,2026-06-04,Responded,0.0
1000,664,2,2025-06-28,Viewed,0.0
1001,504,5,2024-04-17,Unsubscribed,0.0
1002,686,6,2024-08-22,Purchased,1.0
1003,313,2,2025-10-30,Interested,0.0
1004,676,2,2024-08-13,Responded,0.0
1005,677,1,2025-06-04,Responded,0.0
1006,235,10,2026-04-28,Responded,0.0
1007,396,2,2024-11-17,Responded,0.0
1008,47,6,2024-11-22,Viewed,0.0
1009,179,11,2025-11-06,Viewed,0.0
1010,738,5,2024-03-14,,0.0
1011,690,6,2024-12-03,Clicked,0.0
1012,687,2,2025-08-13,Responded,0.0
1013,217,10,2024-11-24,Clicked,0.0
1014,190,1,2025-05-03,Unsubscribed,0.0
1015,19,5,2024-06-21,Clicked,0.0
1016,16,2,2025-09-29,Purchased,1.0
1017,509,2,2024-05-19,Responded,0.0
1018,315,2,2024-07-25,Interested,0.0
1019,441,10,2025-02-17,Clicked,0.0
1020,465,7,2024-02-07,Interested,0.0
1021,221,2,2024-06-17,Clicked,0.0
1022,237,2,2026-03-28,Interested,0.0
1023,136,8,2025-10-29,Clicked,0.0
1024,472,6,2025-12-13,Interested,0.0
1025,637,8,2025-10-26,Interested,0.0
1026,653,4,2025-10-08,Responded,0.0
1027,716,12,2024-11-12,Viewed,0.0
1028,646,7,2024-02-30,Clicked,0.0
1029,525,11,2026-01-12,Responded,0.0
1030,187,4,2024-05-07,Viewed,0.0
1031,601,2,2024-12-26,Unsubscribed,0.0
1032,498,7,2024-10-05,Purchased,1.0
1033,577,11,2025-04-12,Responded,0.0
1034,8,12,2024-02-21,Viewed,0.0
1035,575,8,2025-02-09,Clicked,0.0
1036,781,7,2025-05-23,Clicked,0.0
1037,608,8,2024-11-12,Purchased,1.0
1038,92,7,2026-04-15,Viewed,0.0
1039,437,12,2024-02-04,Viewed,0.0
1040,24,7,2024-09-07,Clicked,0.0
1041,482,4,2024-02-08,Interested,0.0
1042,279,10,2025-03-12,Interested,1.0
1043,452,2,2024-04-22,Purchased,1.0
1044,580,11,2025-01-01,Viewed,0.0
1045,229,6,2024-07-29,Viewed,0.0
1046,478,12,2024-01-09,Viewed,0.0
1047,166,9,2024-06-13,Clicked,0.0
1048,437,5,2024-08-28,Purchased,1.0
1049,322,10,2024-10-23,Purchased,1.0
1050,636,9,2026-05-10,Interested,0.0
1051,403,6,2024-10-15,Clicked,0.0
1052,306,6,2026-02-10,Viewed,0.0
1053,300,12,2024-08-14,Clicked,0.0
1054,75,5,2025-09-18,Viewed,0.0
1055,618,10,2024-09-07,Responded,0.0
1056,723,5,2024-10-09,Interested,0.0
1057,589,5,2026-06-17,Clicked,0.0
1058,778,11,2026-05-06,Responded,0.0
1059,150,4,2024-02-18,Interested,0.0
1060,132,10,2026-01-10,Clicked,1.0
1061,590,11,2026-04-17,Interested,0.0
1062,535,10,2026-05-28,Purchased,1.0
1063,103,4,2024-06-10,Viewed,0.0
1064,779,10,2025-04-01,Viewed,0.0
1065,118,8,2026-02-18,Viewed,0.0
1066,532,6,2024-07-16,Clicked,0.0
1067,423,6,2024-12-10,Clicked,0.0
1068,797,3,2024-02-08,Viewed,0.0
1069,285,10,2025-03-19,Unsubscribed,0.0
1070,66,3,2026-01-10,Interested,0.0
1071,29,3,2026-01-24,Purchased,1.0
1072,110,3,2026-03-08,Viewed,0.0
1073,473,6,2026-05-29,Clicked,0.0
1074,724,10,2025-02-05,Viewed,0.0
1075,644,11,2026-05-09,Clicked,0.0
1076,441,2,2025-08-10,Interested,1.0
1077,268,12,2025-01-04,Interested,0.0
1078,713,6,2025-02-10,Clicked,0.0
1079,229,9,2025-07-17,Clicked,0.0
1080,304,3,2024-07-14,Unsubscribed,0.0
1081,687,12,2024-05-18,Viewed,0.0
1082,318,8,2024-10-26,Viewed,0.0
1083,672,2,2024-01-20,Clicked,0.0
1084,732,10,2025-03-01,Interested,0.0
1085,674,7,2026-03-11,Unsubscribed,0.0
1086,34,9,2026-03-21,Purchased,1.0
1087,667,6,2025-12-28,Responded,0.0
1088,288,7,2026-02-10,Interested,0.0
1089,670,2,2025-10-24,Responded,0.0
1090,293,2,2025-04-21,Viewed,1.0
1091,310,4,2026-05-11,Clicked,0.0
1092,550,6,2024-02-18,Viewed,0.0
1093,625,5,2025-03-08,Clicked,0.0
1094,770,6,2026-01-17,Purchased,1.0
1095,777,3,2024-07-22,Viewed,0.0
1096,157,10,2026-03-23,Viewed,0.0
1097,138,6,2025-02-14,Interested,0.0
1098,210,1,2024-08-23,Viewed,0.0
1099,419,8,2025-03-27,Viewed,0.0
1100,687,7,2026-03-13,Clicked,1.0
1101,11,8,2026-05-26,Clicked,0.0
1102,625,10,2024-12-21,Responded,0.0
1103,767,1,2024-06-26,Viewed,0.0
1104,58,2,2024-06-26,Purchased,1.0
1105,753,10,2025-07-23,Responded,0.0
1106,175,4,2024-01-30,Viewed,0.0
1107,135,1,2024-05-10,Interested,0.0
1108,596,12,2026-03-27,Purchased,1.0
1109,790,1,2024-04-03,Clicked,0.0
1110,168,11,2026-03-27,Viewed,0.0
1111,383,1,2025-03-25,Unsubscribed,0.0
1112,266,11,2025-07-13,Clicked,0.0
1113,105,8,2025-10-19,Interested,0.0
1114,267,7,2024-04-18,Interested,0.0
1115,188,5,2024-02-21,Clicked,0.0
1116,233,9,2026-06-12,Purchased,1.0
1117,158,11,not_date,Interested,0.0
1118,66,3,2024-06-08,Clicked,0.0
1119,599,12,2024-12-17,Clicked,0.0
1120,289,12,2024-09-17,Purchased,1.0
1121,743,12,2024-05-30,Purchased,1.0
1122,498,4,2025-10-04,Viewed,0.0
1123,79,3,2024-04-12,Viewed,0.0
1124,49,2,2025-06-27,Clicked,0.0
1125,242,12,2024-12-20,Purchased,1.0
1126,567,7,2026-04-06,Purchased,1.0
1127,629,1,2025-11-16,Purchased,1.0
1128,76,8,2026-05-25,Viewed,0.0
1129,299,12,2024-02-06,Responded,1.0
1130,613,3,2024-12-26,Viewed,1.0
1131,633,5,2025-12-12,Clicked,0.0
1132,753,2,2025-05-20,Viewed,0.0
1133,505,7,2026-02-05,Viewed,0.0
1134,466,3,2024-06-16,Viewed,0.0
1135,154,3,2024-04-25,Clicked,0.0
1136,329,11,2026-04-10,Viewed,0.0
1137,392,4,2024-07-18,Responded,0.0
1138,553,4,2024-07-26,Purchased,1.0
1139,302,5,2025-03-29,Purchased,1.0
1140,19,5,2025-05-29,Unsubscribed,0.0
1141,614,10,2024-12-04,Viewed,0.0
1142,171,1,2026-05-30,Clicked,0.0
1143,785,9,2025-12-01,Clicked,0.0
1144,321,4,2026-03-17,Responded,-1.0
1145,639,12,2024-07-05,Clicked,0.0
1146,215,3,2026-06-17,Interested,0.0
1147,239,5,2024-07-08,Clicked,0.0
1148,327,3,2024-06-12,Purchased,1.0
1149,581,3,2024-01-18,Clicked,0.0
1150,358,9,2024-03-26,Viewed,0.0
1151,29,11,2025-01-12,Interested,1.0
1152,155,10,2024-10-19,Viewed,0.0
1153,788,7,2024-08-11,Viewed,0.0
1154,324,11,2025-12-18,Interested,0.0
1155,251,8,2025-11-15,Responded,0.0
1156,419,3,2026-04-26,Interested,0.0
1157,783,3,2024-02-13,Clicked,0.0
1158,680,5,2025-09-30,Interested,0.0
1159,565,6,2024-04-09,Viewed,0.0
1160,229,11,2025-07-05,Responded,0.0
1161,280,10,2025-07-01,Purchased,1.0
1162,230,12,2026-05-26,Viewed,0.0
1163,86,3,2026-05-20,Viewed,1.0
1164,178,2,2025-01-16,Responded,0.0
1165,116,12,2025-01-16,Interested,0.0
1166,557,7,2025-07-02,Clicked,0.0
1167,9,2,2026-02-20,Interested,0.0
1168,269,9,2025-07-04,Viewed,0.0
1169,313,3,2026-05-07,Unsubscribed,0.0
1170,398,3,2025-08-06,Purchased,1.0
1171,510,8,2025-10-15,Interested,0.0
1172,322,9,2024-12-01,Responded,1.0
1173,654,7,2024-10-15,Purchased,1.0
1174,409,12,2024-11-14,Responded,0.0
1175,446,12,2024-05-12,Viewed,0.0
1176,115,10,2024-05-24,Responded,0.0
1177,149,3,2024-03-17,,0.0
1178,707,2,2024-02-16,Clicked,0.0
1179,545,4,2026-03-25,Purchased,1.0
1180,289,12,2025-05-12,Purchased,1.0
1181,582,12,2026-06-05,Viewed,0.0
1182,630,8,2024-06-06,Unsubscribed,0.0
1183,625,10,2025-09-19,Viewed,0.0
1184,99,11,2024-06-13,Interested,0.0
1185,754,9,2024-01-21,Viewed,0.0
1186,433,7,2024-01-22,Responded,0.0
1187,724,1,2024-03-04,Viewed,1.0
1188,766,3,2025-07-06,Clicked,0.0
1189,194,2,2024-01-04,Clicked,0.0
1190,184,5,2024-09-07,Purchased,1.0
1191,241,9,2025-12-27,Viewed,0.0
1192,706,3,2025-03-03,Unsubscribed,0.0
1193,676,10,2026-02-24,Interested,0.0
1194,408,9,2025-12-15,Clicked,0.0
1195,775,7,2024-09-06,Purchased,1.0
1196,182,9,2024-07-30,Purchased,1.0
1197,514,10,2025-01-29,Responded,0.0
1198,209,4,2026-04-14,Clicked,0.0
1199,86,9,2024-12-10,Interested,0.0
1200,556,7,2024-06-30,Clicked,0.0
1201,445,9,2024-11-08,Purchased,1.0
1202,112,1,2024-03-17,Viewed,0.0
1203,161,4,2024-08-19,Responded,0.0
1204,690,9,2026-05-19,Interested,1.0
1205,358,3,2025-04-17,Responded,0.0
1206,65,9,2025-05-03,Clicked,1.0
1207,754,12,2024-01-21,Clicked,2.0
1208,505,7,2024-04-07,Responded,2.0
1209,645,12,2025-01-14,Unsubscribed,0.0
1210,651,9,2025-06-19,Viewed,0.0
1211,273,4,2026-02-27,Viewed,0.0
1212,622,8,2025-02-23,Viewed,0.0
1213,712,2,2024-12-26,Purchased,1.0
1214,430,10,2026-05-23,Interested,0.0
1215,710,5,2024-12-24,Responded,0.0
1216,692,1,2026-01-03,Unsubscribed,0.0
1217,401,7,2025-01-12,Responded,0.0
1218,547,7,2026-02-21,Viewed,0.0
1219,589,2,2024-05-21,Clicked,0.0
1220,632,9,2025-08-30,Interested,1.0
1221,352,6,2024-08-16,Interested,0.0
1222,644,11,2024-01-10,Responded,0.0
1223,140,10,2026-06-01,Interested,0.0
1224,643,8,2024-05-26,Responded,0.0
1225,605,5,2024-03-05,Responded,0.0
1226,406,8,2024-01-23,Interested,0.0
1227,610,8,2024-11-10,Responded,0.0
1228,573,6,2025-12-03,Interested,0.0
1229,416,5,2024-03-18,Purchased,1.0
1230,199,10,2026-04-01,Interested,0.0
1231,421,8,2024-09-05,Clicked,0.0
1232,646,6,2024-07-30,Clicked,0.0
1233,547,2,2025-01-24,Clicked,0.0
1234,29,5,2024-10-23,Clicked,0.0
1235,171,11,2025-10-17,Interested,0.0
1236,11,6,2024-06-24,Viewed,0.0
1237,33,3,2025-02-12,Viewed,0.0
1238,407,7,2024-10-23,Interested,0.0
1239,19,9,2024-07-02,Viewed,0.0
1240,368,9,,Responded,0.0
1241,553,10,2025-07-22,Viewed,0.0
1242,43,6,2025-05-09,Clicked,0.0
1243,565,4,2025-09-25,Interested,0.0
1244,762,2,2025-07-20,Clicked,1.0
1245,243,1,2024-06-01,Purchased,1.0
1246,458,6,2024-01-14,Viewed,0.0
1247,696,6,2026-01-07,Clicked,0.0
1248,105,10,2026-06-09,Responded,0.0
1249,209,1,2025-01-01,Clicked,0.0
1250,268,10,2024-07-15,Unsubscribed,1.0
1251,681,5,2025-03-18,Clicked,0.0
1252,780,8,2026-01-08,Purchased,1.0
1253,670,2,2025-06-27,Clicked,0.0
1254,659,1,2024-02-01,Viewed,0.0
1255,438,6,2025-12-05,Viewed,0.0
1256,303,5,2024-09-15,Viewed,0.0
1257,45,7,2025-05-10,Viewed,0.0
1258,433,9,2025-02-14,Unsubscribed,0.0
1259,309,1,2025-01-21,Viewed,0.0
1260,120,6,2024-12-18,Interested,0.0
1261,490,3,2024-11-18,Purchased,1.0
1262,787,3,2024-07-07,Purchased,1.0
1263,186,2,2025-09-15,Viewed,0.0
1264,651,11,2025-11-06,Clicked,0.0
1265,265,8,2024-11-10,Clicked,0.0
1266,555,5,2025-12-02,Responded,0.0
1267,229,10,2025-03-23,Clicked,0.0
1268,238,9,2024-08-18,Clicked,0.0
1269,84,3,2024-10-21,Clicked,0.0
1270,105,3,2025-12-19,Unsubscribed,0.0
1271,58,1,2026-01-28,Viewed,0.0
1272,190,2,2026-06-08,Viewed,0.0
1273,484,4,2026-03-08,Interested,0.0
1274,475,8,2024-06-09,Clicked,0.0
1275,658,9,2026-01-19,Viewed,0.0
1276,329,12,2025-11-22,Clicked,0.0
1277,186,10,2025-11-15,Clicked,0.0
1278,355,3,2025-12-30,Purchased,1.0
1279,104,7,2024-04-28,Purchased,1.0
1280,336,8,2025-01-12,Interested,0.0
1281,57,6,2024-02-23,Interested,0.0
1282,372,5,2025-09-05,Viewed,0.0
1283,315,5,2025-04-27,Viewed,0.0
1284,220,6,2026-03-01,Viewed,0.0
1285,542,12,2026-01-31,Purchased,1.0
1286,303,2,2026-05-03,Responded,0.0
1287,365,10,2024-11-03,Responded,1.0
1288,471,4,2024-09-23,Clicked,0.0
1289,209,1,2024-12-07,Viewed,0.0
1290,32,4,2024-07-18,Viewed,0.0
1291,86,2,2025-12-05,Viewed,0.0
1292,534,10,2024-07-05,Clicked,0.0
1293,486,9,2025-07-01,Purchased,1.0
1294,571,2,2024-12-27,Responded,0.0
1295,487,4,2024-01-10,Clicked,0.0
1296,189,6,2025-12-01,Viewed,0.0
1297,456,12,2024-11-09,Clicked,0.0
1298,218,6,2026-01-16,Viewed,0.0
1299,525,1,2024-04-13,,0.0
1300,365,7,2025-12-03,Clicked,0.0
1301,391,8,2024-03-30,Responded,0.0
1302,388,3,2025-08-29,Unsubscribed,0.0
1303,67,5,2024-08-17,Viewed,0.0
1304,602,10,2025-08-12,Viewed,0.0
1305,441,5,2024-12-15,Viewed,0.0
1306,600,1,2025-12-07,Viewed,0.0
1307,610,9,2024-12-14,Clicked,0.0
1308,545,4,2026-05-02,Purchased,1.0
1309,726,6,2024-06-16,Viewed,0.0
1310,609,7,2025-11-10,Interested,0.0
1311,175,11,2024-10-28,Clicked,0.0
1312,527,9,2024-10-31,Interested,1.0
1313,687,10,2026-01-11,Clicked,0.0
1314,175,9,2026-06-16,Clicked,0.0
1315,503,6,2025-10-12,Responded,0.0
1316,533,3,2025-06-14,Responded,0.0
1317,53,3,2024-05-26,Viewed,0.0
1318,474,12,2025-07-05,Interested,0.0
1319,647,2,2026-04-19,Viewed,0.0
1320,193,11,2025-09-15,Purchased,1.0
1321,463,2,2025-04-18,Viewed,0.0
1322,595,9,2024-11-02,Purchased,1.0
1323,269,6,2026-04-10,Viewed,0.0
1324,212,7,2025-05-23,Responded,0.0
1325,401,9,2024-04-17,Viewed,0.0
1326,654,1,2024-08-02,Interested,0.0
1327,445,9,2024-04-26,Responded,0.0
1328,625,8,2026-05-04,Interested,0.0
1329,345,10,2024-01-12,Purchased,1.0
1330,24,12,2026-03-25,Interested,0.0
1331,738,10,2025-10-07,Unsubscribed,0.0
1332,456,8,2025-08-13,Viewed,0.0
1333,574,7,2025-03-09,Interested,0.0
1334,383,2,2025-10-05,Unsubscribed,0.0
1335,517,9,2026-02-07,Viewed,0.0
1336,767,1,2026-02-26,Unsubscribed,0.0
1337,130,11,2025-02-08,Viewed,0.0
1338,125,10,2024-09-03,Responded,0.0
1339,255,9,2024-05-08,Purchased,1.0
1340,486,5,2024-05-17,Interested,0.0
1341,125,4,2026-01-10,Clicked,0.0
1342,707,9,2024-12-01,Unsubscribed,0.0
1343,515,12,2024-05-05,Viewed,0.0
1344,139,5,2024-08-05,Responded,0.0
1345,72,6,2025-12-14,Responded,0.0
1346,211,7,2026-02-14,Clicked,0.0
1347,81,4,2025-12-07,Clicked,0.0
1348,411,10,2024-09-08,Viewed,0.0
1349,634,1,2025-12-22,Viewed,0.0
1350,330,7,2024-04-02,Clicked,1.0
1351,462,11,2024-09-09,Viewed,0.0
1352,396,7,2024-09-02,Interested,0.0
1353,366,6,2026-03-19,Purchased,1.0
1354,104,7,2024-10-24,Viewed,1.0
1355,629,1,2025-11-06,Viewed,0.0
1356,246,8,2025-05-12,Viewed,0.0
1357,163,9,2025-08-31,Clicked,0.0
1358,388,7,2024-01-05,Clicked,0.0
1359,182,9,2024-03-25,Clicked,0.0
1360,71,12,2025-11-30,Clicked,0.0
1361,108,10,2025-12-14,Clicked,1.0
1362,650,4,2024-12-08,Interested,0.0
1363,307,7,2026-04-28,Viewed,1.0
1364,128,1,2024-07-12,Responded,0.0
1365,139,8,2024-08-07,Viewed,0.0
1366,430,4,2025-03-08,Viewed,0.0
1367,105,5,2025-10-10,Viewed,0.0
1368,119,9,2026-02-12,Interested,0.0
1369,217,1,2025-08-12,Clicked,0.0
1370,429,8,2025-02-15,Viewed,0.0
1371,676,10,2025-10-03,Purchased,1.0
1372,4,10,2024-06-26,Viewed,0.0
1373,285,10,2025-06-05,Clicked,0.0
1374,328,6,2024-04-24,Purchased,1.0
1375,243,6,2025-07-04,Responded,0.0
1376,503,2,2025-04-09,Viewed,0.0
1377,658,7,2026-04-05,Interested,0.0
1378,123,2,2026-02-14,Clicked,0.0
1379,278,12,2026-02-23,Unsubscribed,0.0
1380,214,10,2025-05-30,Responded,0.0
1381,520,8,2024-07-29,Interested,0.0
1382,766,6,2025-06-08,Viewed,0.0
1383,415,5,2026-02-18,Clicked,0.0
1384,258,2,2024-08-26,Responded,0.0
1385,638,2,2024-12-23,Viewed,0.0
1386,430,1,2024-07-09,Interested,0.0
1387,358,5,2026-03-17,Viewed,0.0
1388,269,2,2025-11-01,Unsubscribed,0.0
1389,239,2,2025-09-17,Viewed,0.0
1390,462,8,2024-05-17,Viewed,0.0
1391,68,1,2024-02-27,Responded,0.0
1392,606,12,2024-10-05,Viewed,0.0
1393,278,6,2026-03-10,Viewed,0.0
1394,78,1,2025-09-28,Clicked,0.0
1395,102,11,2024-05-27,Viewed,0.0
1396,477,1,2025-08-24,Responded,0.0
1397,155,12,2025-02-03,Purchased,1.0
1398,589,7,2024-07-28,Viewed,0.0
1399,508,5,2026-03-23,Viewed,0.0
1400,272,12,2025-10-23,Responded,0.0
1401,103,2,2025-06-30,Unsubscribed,0.0
1402,198,5,2025-01-26,Interested,0.0
1403,391,4,2024-02-21,Clicked,0.0
1404,409,8,2025-12-12,Responded,0.0
1405,156,1,2024-02-02,Interested,0.0
1406,243,7,2026-04-01,Clicked,0.0
1407,585,6,2024-07-20,Clicked,0.0
1408,32,1,2024-12-13,Clicked,0.0
1409,31,1,2024-04-08,Clicked,0.0
1410,577,1,2024-01-27,Responded,0.0
1411,473,2,2024-07-13,Responded,0.0
1412,463,3,2024-06-13,Viewed,0.0
1413,390,10,2024-02-12,Responded,0.0
1414,78,11,2025-02-03,Clicked,0.0
1415,26,5,2024-11-19,Purchased,1.0
1416,727,5,2026-01-31,Clicked,0.0
1417,508,2,2025-08-06,Viewed,0.0
1418,71,8,2026-05-04,Viewed,0.0
1419,251,7,,Purchased,1.0
1420,149,4,2026-02-16,Clicked,0.0
1421,135,3,2025-01-04,Viewed,0.0
1422,16,3,2024-12-16,Viewed,0.0
1423,277,2,2024-05-25,Purchased,1.0
1424,681,12,2024-01-18,Interested,0.0
1425,457,8,2024-07-03,Clicked,0.0
1426,691,3,2025-03-06,Interested,0.0
1427,97,4,2024-05-13,Clicked,0.0
1428,477,10,2026-04-17,Clicked,0.0
1429,694,3,2024-10-03,Purchased,1.0
1430,709,6,2025-08-21,Interested,0.0
1431,38,3,2024-04-18,Viewed,0.0
1432,328,9,2025-08-18,Purchased,1.0
1433,94,3,2026-04-04,Clicked,0.0
1434,776,12,2024-10-19,Responded,0.0
1435,424,5,2025-05-05,Interested,0.0
1436,527,11,2025-03-07,Viewed,0.0
1437,61,1,2025-05-27,Interested,0.0
1438,266,1,2025-06-07,Responded,0.0
1439,674,9,2024-03-31,Purchased,1.0
1440,113,10,2024-02-03,Clicked,0.0
1441,581,3,2024-03-28,Clicked,0.0
1442,414,10,2026-01-24,Responded,0.0
1443,787,4,2025-02-06,Interested,0.0
1444,131,4,2026-03-15,Clicked,0.0
1445,554,5,2025-06-06,Clicked,0.0
1446,41,9,2024-06-10,Viewed,0.0
1447,541,7,2024-11-22,Viewed,0.0
1448,732,1,2024-06-21,Viewed,0.0
1449,762,12,2025-05-18,Responded,0.0
1450,15,6,2024-12-02,Viewed,0.0
1451,224,1,not_date,Viewed,0.0
1452,386,4,2026-03-23,Clicked,0.0
1453,413,8,2024-09-02,Interested,0.0
1454,4,9,2025-06-17,Interested,0.0
1455,93,2,2024-09-15,Viewed,0.0
1456,24,10,2026-05-26,Purchased,1.0
1457,394,10,2026-02-10,Responded,0.0
1458,241,3,2025-12-02,Clicked,1.0
1459,760,10,2025-11-20,Interested,0.0
1460,745,8,2026-01-27,Responded,0.0
1461,10,9,2026-03-25,Responded,0.0
1462,85,9,2025-03-11,Clicked,0.0
1463,251,1,2024-02-21,Viewed,0.0
1464,604,9,2024-10-10,Responded,0.0
1465,122,2,2026-01-10,Unsubscribed,1.0
1466,85,2,2025-06-19,Purchased,1.0
1467,326,2,2025-11-09,Interested,0.0
1468,711,5,2024-12-03,Interested,0.0
1469,317,3,2024-01-19,Viewed,0.0
1470,681,1,2024-03-11,Clicked,0.0
1471,245,5,2025-02-26,Clicked,0.0
1472,385,10,2025-09-13,Interested,0.0
1473,721,5,2026-06-02,Clicked,0.0
1474,734,1,2024-04-07,Viewed,0.0
1475,660,12,2024-01-17,Unsubscribed,0.0
1476,553,2,2025-12-06,Interested,1.0
1477,669,4,2025-06-09,Clicked,1.0
1478,296,1,2024-06-01,Purchased,1.0
1479,401,3,2024-02-04,Interested,0.0
1480,72,8,2024-09-25,Responded,0.0
1481,479,4,2026-03-19,Purchased,1.0
1482,653,4,2025-02-25,Clicked,1.0
1483,228,6,2025-04-10,Viewed,0.0
1484,164,10,2024-04-06,Purchased,1.0
1485,574,3,2025-07-18,Responded,0.0
1486,119,11,2025-03-04,Purchased,1.0
1487,644,3,2026-03-16,Interested,0.0
1488,579,1,2024-10-20,Responded,0.0
1489,118,1,2024-03-03,Clicked,0.0
1490,57,5,2025-03-12,Clicked,0.0
1491,131,9,2024-09-05,Interested,0.0
1492,31,2,2026-01-10,Purchased,1.0
1493,180,4,2024-05-10,Interested,1.0
1494,643,7,2024-03-11,Clicked,0.0
1495,671,5,2025-06-29,Responded,0.0
1496,754,7,2025-03-21,Responded,0.0
1497,791,12,2026-02-11,Viewed,0.0
1498,48,5,2025-11-01,Viewed,0.0
1499,451,7,2024-08-12,Purchased,1.0
1500,308,7,2026-04-25,Purchased,1.0
1501,110,10,2024-03-31,Clicked,0.0
1502,512,12,2026-01-31,Responded,1.0
1503,750,5,2025-05-18,Unsubscribed,0.0
1504,359,9,2025-03-07,Viewed,1.0
1505,548,3,2024-06-16,Purchased,1.0
1506,776,2,2026-02-06,Responded,0.0
1507,685,3,2025-02-07,Clicked,0.0
1508,402,7,2025-12-21,Unsubscribed,1.0
1509,716,7,2024-06-05,Purchased,1.0
1510,283,2,2025-09-28,Purchased,1.0
1511,419,9,2025-03-28,Interested,0.0
1512,639,5,2025-04-29,Clicked,0.0
1513,164,10,2024-03-02,Interested,0.0
1514,38,7,2024-04-21,Unsubscribed,0.0
1515,580,8,2024-11-04,Purchased,1.0
1516,129,4,2024-11-16,Purchased,1.0
1517,215,5,2024-02-24,Clicked,0.0
1518,757,7,2025-07-14,Viewed,0.0
1519,89,6,,Interested,0.0
1520,620,12,2026-02-08,Clicked,0.0
1521,589,3,2024-01-18,Purchased,1.0
1522,676,12,2024-10-10,Unsubscribed,0.0
1523,91,2,2024-04-13,Responded,0.0
1524,793,4,2025-07-13,Interested,0.0
1525,475,4,2024-01-03,Purchased,1.0
1526,440,4,2024-11-10,Viewed,0.0
1527,295,9,2026-06-14,Purchased,1.0
1528,184,12,2024-03-07,Interested,0.0
1529,430,9,2024-01-24,Purchased,1.0
1530,415,5,2026-06-05,Responded,0.0
1531,101,2,2024-02-14,Viewed,0.0
1532,380,5,2024-07-19,Responded,0.0
1533,744,3,2024-09-10,Purchased,1.0
1534,122,12,2025-02-15,Viewed,0.0
1535,541,7,2024-01-05,Unsubscribed,0.0
1536,146,2,2025-12-31,Responded,0.0
1537,395,1,2024-02-29,Viewed,0.0
1538,716,4,2024-04-17,Interested,0.0
1539,607,10,2025-09-10,Purchased,1.0
1540,51,2,2024-04-01,Unsubscribed,0.0
1541,14,4,2024-10-31,Purchased,1.0
1542,487,2,2024-09-03,Viewed,0.0
1543,766,2,2025-08-26,Unsubscribed,0.0
1544,569,7,2024-02-16,Responded,0.0
1545,646,7,2024-06-08,Responded,1.0
1546,701,12,2025-09-23,Purchased,1.0
1547,53,12,2025-06-03,Viewed,0.0
1548,292,11,2025-04-22,Unsubscribed,0.0
1549,374,1,2025-10-05,Viewed,0.0
1550,449,6,2024-08-16,Clicked,0.0
1551,123,1,2025-04-28,Purchased,1.0
1552,572,9,2025-11-23,,1.0
1553,455,9,2026-02-01,Viewed,0.0
1554,480,10,2026-02-17,Viewed,0.0
1555,115,7,2024-04-18,Clicked,0.0
1556,525,2,2026-03-08,Interested,1.0
1557,159,3,2024-07-26,Responded,0.0
1558,603,11,2025-01-28,Viewed,0.0
1559,124,9,2024-07-21,Clicked,0.0
1560,42,8,2026-06-18,Clicked,0.0
1561,8,3,2026-03-28,Clicked,0.0
1562,741,12,2025-07-16,Clicked,0.0
1563,513,1,2024-01-16,Viewed,0.0
1564,301,4,2026-03-28,Responded,0.0
1565,405,3,2024-06-15,Purchased,1.0
1566,125,7,2025-08-22,Viewed,1.0
1567,617,11,2026-02-20,Clicked,0.0
1568,467,5,2025-02-11,Responded,0.0
1569,454,11,2025-11-30,Clicked,0.0
1570,707,2,2024-09-08,Interested,1.0
1571,374,12,2026-02-05,Purchased,1.0
1572,146,2,2024-11-25,Viewed,0.0
1573,417,5,2026-04-23,Viewed,0.0
1574,492,1,2024-08-10,Viewed,0.0
1575,665,9,2026-02-24,Viewed,0.0
1576,289,4,2025-12-20,Responded,0.0
1577,552,4,2025-08-14,Viewed,0.0
1578,300,9,2024-03-08,Viewed,0.0
1579,110,12,2025-03-11,Interested,0.0
1580,16,6,2026-05-28,Viewed,0.0
1581,378,2,2025-01-21,Clicked,0.0
1582,732,9,2025-02-01,Responded,0.0
1583,251,4,2025-11-14,Purchased,1.0
1584,630,6,2024-08-26,Clicked,0.0
1585,4,6,2024-01-18,Unsubscribed,0.0
1586,283,8,2025-03-06,Viewed,1.0
1587,503,9,2026-04-19,Unsubscribed,0.0
1588,126,6,2025-04-28,Viewed,0.0
1589,763,2,2024-05-20,Interested,0.0
1590,460,8,2024-12-03,Unsubscribed,0.0
1591,607,6,2026-02-22,Interested,0.0
1592,350,6,2024-09-22,Viewed,0.0
1593,655,1,2026-02-19,Responded,0.0
1594,165,4,2026-01-21,Clicked,0.0
1595,300,7,2026-02-15,Responded,1.0
1596,791,5,2025-03-08,Responded,0.0
1597,38,6,2024-03-07,Clicked,0.0
1598,209,1,2026-04-26,Interested,0.0
1599,394,5,2026-02-11,Responded,0.0
1600,657,4,2025-05-07,Responded,0.0
1601,101,8,2024-11-21,Clicked,0.0
1602,17,3,2025-03-28,Clicked,0.0
1603,309,9,2026-05-16,Clicked,0.0
1604,186,7,2024-02-21,Viewed,0.0
1605,266,7,2025-12-02,Interested,1.0
1606,462,3,2025-07-22,Interested,0.0
1607,47,8,2025-03-02,Clicked,0.0
1608,457,11,2025-01-21,Responded,0.0
1609,70,12,2024-07-30,Purchased,1.0
1610,214,12,2025-07-15,Purchased,1.0
1611,411,8,2025-03-03,Responded,0.0
1612,129,4,2025-06-25,Clicked,0.0
1613,487,10,2024-02-23,Clicked,0.0
1614,31,5,2025-06-13,Purchased,1.0
1615,536,7,2025-08-28,Responded,0.0
1616,711,6,2026-03-09,Clicked,0.0
1617,7,6,2026-03-18,Viewed,0.0
1618,619,3,2025-04-30,Viewed,0.0
1619,86,6,2025-09-02,Purchased,1.0
1620,440,5,2026-03-06,Viewed,0.0
1621,672,12,2024-11-25,Clicked,0.0
1622,486,9,2025-09-01,Purchased,1.0
1623,512,12,2024-12-13,Clicked,0.0
1624,79,10,2025-12-22,Purchased,1.0
1625,248,9,2024-09-22,Viewed,0.0
1626,216,7,2026-02-06,Unsubscribed,0.0
1627,212,3,2024-03-02,Responded,0.0
1628,659,3,2025-05-08,Viewed,0.0
1629,476,6,2025-10-28,Purchased,1.0
1630,437,10,2024-05-03,Purchased,1.0
1631,110,7,2024-06-17,Viewed,0.0
1632,632,9,2025-01-15,Viewed,0.0
1633,566,7,2025-08-13,Interested,0.0
1634,180,2,2026-05-05,Clicked,0.0
1635,213,10,2026-05-27,Unsubscribed,0.0
1636,185,12,2025-02-27,Purchased,1.0
1637,583,9,2024-01-15,Viewed,1.0
1638,273,3,2025-11-25,Clicked,0.0
1639,80,1,2025-03-08,Interested,0.0
1640,462,8,2026-02-16,Viewed,0.0
1641,83,7,2024-07-17,Clicked,0.0
1642,351,11,2024-01-12,Purchased,1.0
1643,299,10,2024-07-22,Viewed,0.0
1644,470,3,2024-09-16,Purchased,1.0
1645,386,10,2024-08-17,Purchased,1.0
1646,452,3,2025-07-30,Viewed,0.0
1647,248,9,2024-01-06,Interested,1.0
1648,34,12,2025-02-11,Responded,0.0
1649,63,3,2024-12-24,Interested,0.0
1650,564,6,2024-04-21,Responded,0.0
1651,620,4,2024-05-10,Clicked,0.0
1652,777,8,2024-07-03,Interested,0.0
1653,587,2,2026-04-21,Clicked,0.0
1654,49,5,2026-03-01,Interested,0.0
1655,129,7,2026-01-05,Clicked,0.0
1656,340,3,2025-04-09,Purchased,1.0
1657,567,11,2024-11-07,Clicked,0.0
1658,501,5,2025-09-30,Responded,0.0
1659,24,8,2026-01-10,Viewed,0.0
1660,446,5,2026-04-15,Viewed,0.0
1661,373,7,2026-05-16,Purchased,1.0
1662,174,1,2025-07-12,Viewed,0.0
1663,106,10,2026-05-12,Unsubscribed,0.0
1664,170,3,2026-03-01,Viewed,0.0
1665,307,4,2025-09-26,Viewed,0.0
1666,587,1,2025-08-21,Viewed,0.0
1667,357,4,2024-09-10,Viewed,0.0
1668,172,4,2025-01-01,Viewed,0.0
1669,384,11,2026-04-04,Clicked,0.0
1670,61,2,2025-09-25,Purchased,1.0
1671,232,6,2024-10-17,Clicked,0.0
1672,35,4,2026-05-25,Clicked,0.0
1673,568,9,2024-10-18,Responded,0.0
1674,199,4,2024-07-16,Purchased,1.0
1675,302,4,2025-02-07,Purchased,1.0
1676,607,7,2024-05-15,Viewed,0.0
1677,356,10,not_date,Responded,1.0
1678,237,2,2024-05-09,Unsubscribed,0.0
1679,771,5,2024-04-02,Viewed,0.0
1680,455,6,2026-02-08,Interested,0.0
1681,627,10,2025-09-21,Viewed,0.0
1682,147,4,2025-05-23,Clicked,0.0
1683,471,5,2025-08-25,Clicked,0.0
1684,16,7,2024-07-05,Interested,0.0
1685,657,2,2025-08-02,Viewed,0.0
1686,638,2,2025-08-23,Viewed,0.0
1687,78,12,2024-08-22,Viewed,0.0
1688,740,7,2024-05-11,Purchased,1.0
1689,281,8,2024-11-22,Viewed,0.0
1690,645,7,2024-09-14,Clicked,0.0
1691,146,12,2024-01-27,Purchased,1.0
1692,436,2,2025-04-04,Unsubscribed,0.0
1693,5,10,2025-08-30,Viewed,0.0
1694,546,5,2024-11-18,Purchased,1.0
1695,277,1,2024-07-14,Viewed,0.0
1696,363,12,2024-08-23,Purchased,1.0
1697,364,1,2024-11-21,Viewed,0.0
1698,791,3,2024-04-12,Interested,0.0
1699,244,11,2026-05-11,,0.0
1700,497,10,2025-04-17,Interested,0.0
336,419,1,2024-12-12,Viewed,0.0
625,551,9,2026-04-06,Clicked,0.0
1266,555,5,2025-12-02,Responded,0.0
45,194,9,2024-09-13,Responded,0.0
361,80,10,2024-03-06,Responded,0.0
13,208,12,2024-07-03,Clicked,0.0
849,468,6,2026-02-11,Purchased,1.0
24,606,4,2025-04-05,Viewed,0.0
1244,762,2,2025-07-20,Clicked,1.0
1064,779,10,2025-04-01,Viewed,0.0
835,315,10,2025-12-16,Purchased,1.0
1228,573,6,2025-12-03,Interested,0.0
485,186,1,2024-05-03,Interested,0.0
572,177,1,2026-04-11,Viewed,0.0
1404,409,8,2025-12-12,Responded,0.0
170,32,2,2024-11-26,Viewed,0.0
986,188,12,2024-04-01,Purchased,1.0
1536,146,2,2025-12-31,Responded,0.0
1688,740,7,2024-05-11,Purchased,1.0
566,749,9,2025-05-30,Interested,1.0
460,778,9,2025-05-24,Responded,0.0
42,125,9,2026-02-23,Unsubscribed,0.0
940,140,4,2025-01-11,Responded,0.0
1436,527,11,2025-03-07,Viewed,0.0
989,799,7,2025-05-04,Viewed,0.0
397,325,1,2024-01-17,Purchased,1.0
1007,396,2,2024-11-17,Responded,0.0
1594,165,4,2026-01-21,Clicked,0.0
1359,182,9,2024-03-25,Clicked,0.0
1528,184,12,2024-03-07,Interested,0.0
