Campaign_ID,Campaign_Name,Channel,Start_Date,End_Date,Budget
1,New Year Sale,Paid Search,2024-09-30,2024-11-13,10514.28
2,Spring Promotion,email,2024-03-14,2024-04-08,6311.94
3,Summer Deals,Paid Search,2025-09-12,,6828.34
4,Back to School,Facebook Ads,2024-04-08,2024-05-16,19178.3
5,Black Friday,SMS,2024-02-02,2024-03-05,25934.3
6,Holiday Campaign,Instagram,2025-02-30,2026-01-18,24782.45
7,VIP Rewards,Email ,2025-06-05,2025-07-01,10575.46
8,Email Reactivation,Facebook Ads,2025-03-04,2025-03-26,24342.08
9,Social Media Boost,email,2025-11-13,2025-12-10,
10,Mobile App Launch,Email,2024-06-01,2024-06-17,3511.94
11,Weekend Flash Sale,email,2025-08-24,2025-09-07,-5000.0
12,Loyalty Bonus,Facebook Ads,2024-05-09,2024-05-25,22376.17
