Order_ID,Customer_ID,Order_Date,Product_ID,Quantity,Discount,Payment_Method
1,,2024-08-23,22.0,1,,PayPal
2,217.0,2024-07-10,20.0,1,1.2,Credit Card
3,677.0,2025-02-28,30.0,3,0.0,Bank Transfer
4,692.0,2025-05-05,62.0,1,0.05,Bank Transfer
5,23.0,2024-02-14,32.0,1,1.2,Cash
6,138.0,2024-02-10,66.0,5,0.05,Credit Card
7,171.0,2024-07-03,34.0,2,0.25,Debit Card
8,578.0,2026-06-18,3.0,3,,PayPal
9,88.0,2025-04-04,,2,0.35,Bank Transfer
10,175.0,2026-04-30,29.0,1,0.05,Debit Card
11,786.0,2025-09-30,24.0,2,0.15,Cash
12,742.0,2025-04-09,44.0,2,0.0,Cash
13,388.0,2024-05-15,50.0,1,0.1,Debit Card
14,517.0,2026-04-26,54.0,1,0.0,Cash
15,488.0,2025-09-06,79.0,1,-0.1,Debit Card
16,771.0,2024-04-05,16.0,2,0.05,Debit Card
17,553.0,2026-03-04,1.0,2,0.25,Debit Card
18,431.0,2026-06-14,48.0,1,-0.1,Bank Transfer
19,235.0,2026-03-19,62.0,3,0.2,Debit Card
20,760.0,2024-04-10,74.0,1,0.15,Bank Transfer
21,785.0,2026-05-29,30.0,1,1.2,Debit Card
22,419.0,2024-07-12,33.0,1,0.0,Debit Card
23,536.0,2025-06-16,16.0,1,,Cash
24,705.0,2025-02-22,41.0,1,0.05,Bank Transfer
25,668.0,2024-09-16,75.0,1,-0.1,Bank Transfer
26,579.0,2025-09-18,47.0,1,,Bank Transfer
27,774.0,2025-02-27,27.0,2,-0.1,Bank Transfer
28,184.0,2025-07-26,48.0,2,0.15,PayPal
29,592.0,2026-03-03,45.0,3,0.05,Credit Card
30,766.0,2025-04-02,30.0,3,0.05,Credit Card
31,220.0,2025-02-14,66.0,3,-0.1,Debit Card
32,714.0,2024-06-13,7.0,1,,Credit Card
33,94.0,2025-04-27,19.0,5,0.25,Credit Card
34,66.0,2024-08-15,34.0,1,1.2,Credit Card
35,742.0,2025-02-14,,2,-0.1,PayPal
36,729.0,2024-02-28,77.0,0,0.05,Bank Transfer
37,450.0,2024-07-25,2.0,4,-0.1,PayPal
38,200.0,2026-03-13,5.0,2,-0.1,Cash
39,630.0,2025-11-21,22.0,1,0.1,Credit Card
40,162.0,2024-10-09,12.0,3,0.2,Bank Transfer
41,416.0,2024-07-24,76.0,2,0.0,Credit Card
42,563.0,2026-01-13,37.0,4,1.2,PayPal
43,356.0,2024-08-19,36.0,2,0.1,Bank Transfer
44,414.0,2024-01-05,74.0,1,0.25,Debit Card
45,110.0,2024-03-15,72.0,2,0.2,Credit Card
46,526.0,2026-06-16,33.0,2,1.2,PayPal
47,711.0,2025-01-21,57.0,2,0.1,PayPal
48,795.0,2025-11-28,59.0,2,1.2,Credit Card
49,494.0,2024-09-21,15.0,1,,Cash
50,694.0,2026-03-30,30.0,1,0.2,Debit Card
51,549.0,2025-12-18,2.0,4,0.1,PayPal
52,96.0,2025-11-20,52.0,3,0.2,Credit Card
53,568.0,2025-05-02,23.0,1,0.1,Debit Card
54,276.0,2026-02-03,24.0,2,0.1,Bank Transfer
55,755.0,2024-08-28,26.0,3,0.15,Cash
56,235.0,2026-05-04,26.0,1,1.2,PayPal
57,160.0,2024-05-02,14.0,5,,Bank Transfer
58,629.0,2026-02-21,1.0,4,0.0,Bank Transfer
59,381.0,2024-11-18,80.0,2,1.2,PayPal
60,503.0,2026-02-21,24.0,5,0.15,Bank Transfer
61,228.0,2024-05-11,74.0,1,0.25,Bank Transfer
62,554.0,2025-05-29,5.0,1,,Cash
63,469.0,2025-12-16,16.0,2,0.2,Credit Card
64,13.0,2025-01-23,27.0,2,0.2,PayPal
65,628.0,2024-07-10,34.0,2,0.1,PayPal
66,483.0,2024-12-17,79.0,1,0.35,Bank Transfer
67,216.0,2025-12-18,54.0,3,0.2,Bank Transfer
68,287.0,2024-07-03,58.0,2,1.2,Cash
69,103.0,2026-04-03,35.0,1,0.25,Bank Transfer
70,201.0,2026-03-30,19.0,-1,0.05,Bank Transfer
71,10.0,2025-03-07,23.0,2,,Debit Card
72,547.0,2026-03-15,41.0,2,0.15,Debit Card
73,582.0,2025-02-11,7.0,1,0.05,Credit Card
74,221.0,2025-05-02,33.0,4,0.0,Bank Transfer
75,763.0,2024-09-23,43.0,1,-0.1,Debit Card
76,264.0,2024-01-21,45.0,1,0.2,Debit Card
77,204.0,2025-08-12,74.0,2,-0.1,Cash
78,800.0,2024-12-29,37.0,1,-0.1,Bank Transfer
79,794.0,2024-03-21,58.0,1,0.15,Bank Transfer
80,647.0,2026-06-08,19.0,1,0.2,Bank Transfer
81,647.0,2025-08-08,79.0,1,0.0,Credit Card
82,166.0,2024-08-21,44.0,1,,PayPal
83,728.0,2025-09-11,35.0,2,0.15,Bank Transfer
84,800.0,2026-02-04,47.0,2,0.35,Bank Transfer
85,172.0,2026-05-24,24.0,1,0.1,PayPal
86,762.0,2024-08-03,11.0,1,0.0,Credit Card
87,66.0,2025-07-15,61.0,1,0.25,Debit Card
88,784.0,2024-04-16,11.0,1,0.05,Credit Card
89,671.0,2024-11-12,50.0,1,0.15,Bank Transfer
90,642.0,2024-05-14,17.0,2,0.05,Credit Card
91,36.0,2026-05-31,46.0,5,0.35,Bank Transfer
92,554.0,2025-07-15,35.0,1,-0.1,Cash
93,606.0,2025-04-12,77.0,2,,Debit Card
94,446.0,2025-10-17,68.0,2,0.15,PayPal
95,494.0,2024-08-20,70.0,3,0.35,PayPal
96,375.0,2024-09-23,53.0,1,0.0,Credit Card
97,536.0,2024-12-18,18.0,1,-0.1,Credit Card
98,705.0,2026-02-12,63.0,2,0.0,Bank Transfer
99,300.0,2024-08-24,77.0,3,-0.1,PayPal
100,194.0,2025-07-28,53.0,1,0.1,Cash
101,733.0,2026-04-28,50.0,1,0.15,Credit Card
102,433.0,2025-06-13,31.0,3,1.2,PayPal
103,292.0,2026-04-08,69.0,1,0.1,Credit Card
104,187.0,2024-10-23,18.0,1,0.35,Debit Card
105,464.0,2025-12-18,35.0,2,0.1,PayPal
106,20.0,2024-02-20,20.0,-1,0.0,Cash
107,105.0,2024-10-02,37.0,1,0.35,Credit Card
108,239.0,2024-06-03,12.0,1,0.1,PayPal
109,431.0,2026-03-15,40.0,3,0.2,Bank Transfer
110,714.0,2024-12-04,5.0,1,0.05,Credit Card
111,273.0,2024-03-14,51.0,2,0.05,Cash
112,257.0,2026-04-28,49.0,1,0.1,Bank Transfer
113,790.0,2024-09-10,57.0,3,0.0,Cash
114,472.0,2025-06-17,13.0,2,0.1,Bank Transfer
115,399.0,2024-11-26,40.0,1,0.0,Debit Card
116,534.0,2024-09-16,16.0,2,0.15,Cash
117,370.0,2026-06-03,7.0,2,0.0,Cash
118,649.0,2024-11-28,56.0,1,0.15,Debit Card
119,123.0,2026-03-19,51.0,1,0.0,Debit Card
120,708.0,2025-12-05,61.0,2,0.2,Credit Card
121,255.0,2025-05-26,21.0,1,1.2,PayPal
122,778.0,2024-03-02,8.0,1,0.05,Debit Card
123,110.0,2025-05-14,17.0,1,-0.1,PayPal
124,450.0,2024-01-22,25.0,2,0.2,Cash
125,257.0,2025-05-11,6.0,3,-0.1,PayPal
126,556.0,2025-15-01,63.0,2,-0.1,PayPal
127,332.0,2024-10-08,60.0,4,1.2,Debit Card
128,165.0,2025-06-27,9.0,1,0.15,PayPal
129,555.0,2025-04-09,47.0,1,,Debit Card
130,389.0,2024-01-20,24.0,2,0.2,Debit Card
131,245.0,2026-01-08,42.0,1,-0.1,Bank Transfer
132,195.0,2025-11-30,68.0,2,-0.1,Cash
133,628.0,2024-11-26,37.0,1,0.2,Credit Card
134,99.0,2025-11-05,,1,0.05,Cash
135,33.0,2024-04-19,26.0,2,0.0,Credit Card
136,585.0,2025-11-04,50.0,2,1.2,Debit Card
137,263.0,2025-01-10,7.0,1,0.0,Credit Card
138,214.0,2026-05-02,63.0,1,,Credit Card
139,370.0,2026-01-31,72.0,0,0.25,PayPal
140,726.0,2026-04-23,8.0,2,-0.1,Credit Card
141,752.0,2026-05-04,10.0,1,0.1,Debit Card
142,100.0,2026-01-12,13.0,1,0.25,Cash
143,198.0,2025-11-03,68.0,1,,Cash
144,572.0,2025-03-01,72.0,3,,Debit Card
145,367.0,2025-12-20,59.0,2,0.0,Cash
146,185.0,2025-02-15,71.0,2,,Cash
147,547.0,2025-03-29,77.0,0,0.2,Debit Card
148,333.0,2025-02-26,48.0,3,0.25,PayPal
149,624.0,2025-07-30,31.0,2,0.25,Debit Card
150,763.0,2025-01-03,33.0,-1,0.35,Bank Transfer
151,1.0,2024-10-18,5.0,2,-0.1,Cash
152,310.0,2024-11-03,1.0,-2,0.1,PayPal
153,23.0,2025-07-20,36.0,2,1.2,Debit Card
154,159.0,2024-02-08,13.0,2,0.05,Cash
155,272.0,2025-08-19,47.0,1,0.15,PayPal
156,95.0,2025-02-13,74.0,2,0.1,Credit Card
157,741.0,2026-03-22,42.0,2,0.35,Debit Card
158,98.0,2025-10-19,77.0,1,1.2,Bank Transfer
159,81.0,2026-02-28,8.0,1,0.25,Bank Transfer
160,,2026-02-04,30.0,2,1.2,Credit Card
161,650.0,2024-02-25,49.0,1,0.0,PayPal
162,,2024-06-02,73.0,1,0.1,Cash
163,52.0,2025-04-01,51.0,3,1.2,Debit Card
164,93.0,2025-03-18,29.0,1,0.25,Cash
165,136.0,2024-03-25,44.0,2,0.0,Debit Card
166,409.0,2024-03-28,,1,0.25,Cash
167,781.0,2025-05-07,18.0,2,0.35,Bank Transfer
168,668.0,2024-07-19,74.0,2,-0.1,Cash
169,249.0,2024-09-29,10.0,3,0.2,Debit Card
170,92.0,2025-11-18,15.0,1,0.2,PayPal
171,196.0,2024-12-18,42.0,2,0.0,PayPal
172,174.0,2025-09-23,45.0,4,0.35,Debit Card
173,150.0,2024-02-15,57.0,5,0.1,Cash
174,702.0,2024-06-08,48.0,3,0.0,Credit Card
175,758.0,2024-09-05,7.0,0,0.05,PayPal
176,15.0,2025-12-11,44.0,3,0.15,Bank Transfer
177,483.0,2024-12-05,3.0,1,-0.1,Cash
178,209.0,2025-06-19,70.0,3,-0.1,Bank Transfer
179,638.0,2025-12-12,19.0,2,0.0,Bank Transfer
180,597.0,2024-02-14,68.0,1,0.0,PayPal
181,206.0,2024-10-04,80.0,1,,Credit Card
182,69.0,2025-11-07,50.0,1,,PayPal
183,111.0,2024-10-26,3.0,4,,Bank Transfer
184,237.0,2025-06-04,49.0,-1,0.0,PayPal
185,497.0,2025-06-28,77.0,1,0.1,Debit Card
186,469.0,2025-12-30,72.0,1,0.1,Debit Card
187,313.0,2025-05-16,43.0,1,0.05,Credit Card
188,356.0,2024-12-29,46.0,2,0.1,Debit Card
189,283.0,2025-10-02,8.0,1,0.25,Credit Card
190,569.0,2024-08-18,36.0,1,0.25,Cash
191,90.0,2025-06-17,49.0,-1,1.2,Cash
192,428.0,2025-08-09,31.0,1,0.15,Debit Card
193,338.0,2025-07-09,58.0,1,,Cash
194,595.0,2025-12-01,70.0,3,0.05,PayPal
195,706.0,2024-05-18,68.0,1,0.05,Debit Card
196,162.0,2024-03-10,41.0,2,0.0,Cash
197,326.0,2026-01-14,19.0,1,0.2,Bank Transfer
198,422.0,2025-03-29,39.0,3,,PayPal
199,156.0,2024-04-19,25.0,1,0.0,Debit Card
200,632.0,2025-09-12,35.0,2,0.1,Debit Card
201,238.0,2025-12-04,30.0,1,0.0,Bank Transfer
202,138.0,2026-05-16,65.0,2,,PayPal
203,189.0,2025-05-18,50.0,2,0.05,Cash
204,232.0,2025-02-22,5.0,3,0.0,PayPal
205,423.0,2026-01-30,29.0,2,0.1,Cash
206,68.0,2025-03-25,23.0,4,0.35,PayPal
207,469.0,2025-03-13,32.0,1,0.0,Debit Card
208,753.0,2026-01-07,49.0,1,1.2,Debit Card
209,609.0,2025-06-21,69.0,2,0.0,Debit Card
210,112.0,2025-04-12,58.0,4,0.0,Cash
211,532.0,2025-02-09,,-2,0.0,Debit Card
212,397.0,2026-02-22,67.0,2,0.0,Cash
213,299.0,2025-02-11,57.0,4,0.15,Bank Transfer
214,171.0,2024-10-28,55.0,2,0.0,Debit Card
215,146.0,2026-04-29,60.0,2,0.0,Debit Card
216,116.0,2026-03-08,24.0,2,-0.1,Cash
217,403.0,2024-11-27,53.0,2,0.05,Bank Transfer
218,605.0,2025-04-10,26.0,1,0.2,Cash
219,736.0,2024-04-03,16.0,1,0.35,PayPal
220,88.0,2025-12-25,68.0,1,-0.1,Debit Card
221,164.0,2025-07-17,49.0,1,0.05,PayPal
222,580.0,2024-06-15,20.0,4,0.05,Credit Card
223,430.0,2024-11-12,40.0,3,0.35,PayPal
224,642.0,2024-04-30,24.0,5,0.1,Credit Card
225,638.0,2024-01-13,33.0,2,0.35,Debit Card
226,6.0,2025-05-20,78.0,1,1.2,Bank Transfer
227,465.0,2025-03-28,53.0,1,1.2,Credit Card
228,251.0,2024-10-11,71.0,2,-0.1,Cash
229,51.0,2024-05-31,24.0,1,0.2,Credit Card
230,149.0,2025-11-14,5.0,2,1.2,PayPal
231,340.0,2024-02-20,12.0,1,0.05,Cash
232,689.0,2025-09-17,37.0,2,1.2,Debit Card
233,576.0,2025-04-11,23.0,3,0.2,Credit Card
234,96.0,,39.0,1,0.25,Credit Card
235,777.0,2026-05-13,55.0,2,0.15,Bank Transfer
236,138.0,2025-12-12,16.0,4,0.2,Debit Card
237,424.0,2024-08-02,68.0,2,1.2,Credit Card
238,112.0,2026-01-17,74.0,-1,-0.1,Credit Card
239,496.0,2026-03-18,78.0,-2,0.15,Bank Transfer
240,624.0,2024-09-22,41.0,2,1.2,PayPal
241,133.0,2025-07-30,79.0,2,,Bank Transfer
242,505.0,2025-09-16,24.0,1,0.15,Cash
243,2.0,2024-01-25,16.0,2,0.0,Cash
244,631.0,2025-02-27,54.0,1,0.2,Debit Card
245,653.0,2024-01-12,28.0,2,0.15,PayPal
246,70.0,2024-11-03,40.0,2,0.2,Credit Card
247,117.0,2024-12-15,43.0,1,1.2,Debit Card
248,30.0,2024-07-17,23.0,1,0.2,Bank Transfer
249,486.0,2025-10-23,5.0,1,0.05,Bank Transfer
250,550.0,2025-04-18,43.0,3,0.25,Credit Card
251,534.0,2025-08-01,39.0,3,0.2,Debit Card
252,549.0,2024-08-01,3.0,2,0.2,PayPal
253,68.0,2024-10-14,20.0,4,0.2,Bank Transfer
254,642.0,2026-05-12,69.0,1,1.2,Bank Transfer
255,192.0,2024-04-29,77.0,4,0.15,PayPal
256,727.0,2024-10-05,5.0,1,0.35,Cash
257,381.0,2026-04-29,58.0,-1,0.1,Debit Card
258,310.0,2024-04-24,23.0,1,0.0,Cash
259,95.0,2025-06-02,57.0,1,0.35,Debit Card
260,158.0,2024-12-14,25.0,5,-0.1,PayPal
261,795.0,2024-05-26,42.0,3,0.0,Debit Card
262,693.0,2024-07-29,17.0,3,0.35,Bank Transfer
263,731.0,2024-04-28,67.0,1,0.0,Debit Card
264,90.0,2025-04-23,43.0,4,0.0,Debit Card
265,785.0,2024-01-24,40.0,2,0.15,Cash
266,329.0,2024-07-16,26.0,1,-0.1,PayPal
267,792.0,2025-11-18,57.0,1,0.05,Cash
268,281.0,2024-01-16,15.0,-1,-0.1,Debit Card
269,105.0,2025-07-09,27.0,1,0.2,PayPal
270,145.0,2025-08-10,37.0,1,0.0,PayPal
271,628.0,2025-07-07,44.0,1,0.05,Credit Card
272,483.0,2024-04-18,7.0,1,0.0,Bank Transfer
273,402.0,2025-12-22,23.0,2,1.2,Bank Transfer
274,632.0,2024-11-15,46.0,1,0.1,Debit Card
275,81.0,2025-08-04,60.0,1,0.35,Credit Card
276,467.0,2025-12-01,40.0,2,0.35,Bank Transfer
277,238.0,2024-05-27,29.0,4,1.2,PayPal
278,373.0,2024-07-06,51.0,2,,PayPal
279,333.0,2025-05-14,59.0,1,0.35,Credit Card
280,360.0,2025-04-17,62.0,4,0.15,PayPal
281,619.0,2024-05-10,74.0,2,0.25,Credit Card
282,334.0,2025-10-27,72.0,1,0.15,Debit Card
283,473.0,2025-08-27,52.0,1,1.2,Cash
284,562.0,2025-05-08,21.0,1,0.2,Cash
285,711.0,2025-03-17,76.0,3,0.25,Debit Card
286,351.0,2025-12-11,70.0,1,,Credit Card
287,758.0,2026-05-06,74.0,2,1.2,Debit Card
288,475.0,2025-07-22,42.0,1,0.35,Cash
289,316.0,2024-03-12,52.0,2,,Debit Card
290,790.0,2024-12-01,49.0,2,,Credit Card
291,93.0,2026-04-16,28.0,1,1.2,Credit Card
292,776.0,2025-11-07,19.0,1,-0.1,PayPal
293,400.0,2025-08-14,79.0,1,0.1,PayPal
294,307.0,2026-03-24,73.0,5,0.15,Bank Transfer
295,736.0,2024-04-01,45.0,2,1.2,Debit Card
296,414.0,2026-05-22,17.0,1,0.2,Debit Card
297,55.0,2025-12-21,1.0,2,0.2,Credit Card
298,289.0,2024-08-28,4.0,1,1.2,Bank Transfer
299,641.0,2025-12-29,41.0,1,0.25,Bank Transfer
300,559.0,2025-11-09,28.0,1,0.05,Cash
301,569.0,2026-05-13,50.0,5,0.25,Cash
302,296.0,2024-05-17,17.0,1,,Credit Card
303,148.0,2025-11-04,63.0,1,0.05,Credit Card
304,141.0,2026-05-30,54.0,2,1.2,Bank Transfer
305,639.0,2025-04-10,24.0,2,-0.1,Bank Transfer
306,394.0,2024-08-19,46.0,1,1.2,Credit Card
307,592.0,2026-05-17,64.0,3,-0.1,PayPal
308,421.0,2025-08-13,70.0,1,0.0,Debit Card
309,495.0,2024-04-25,48.0,2,0.0,Cash
310,748.0,2026-05-29,68.0,-2,0.15,Bank Transfer
311,530.0,2025-06-19,11.0,4,0.0,Cash
312,484.0,2025-12-01,10.0,2,1.2,PayPal
313,628.0,2024-12-17,7.0,2,0.0,Bank Transfer
314,465.0,2025-04-25,66.0,2,0.2,Bank Transfer
315,362.0,2024-10-23,38.0,1,1.2,PayPal
316,745.0,2024-09-23,73.0,1,0.35,Debit Card
317,174.0,2024-02-22,74.0,2,0.15,Debit Card
318,28.0,2025-05-11,37.0,1,-0.1,Credit Card
319,285.0,2024-05-15,33.0,2,0.15,PayPal
320,15.0,2025-09-10,15.0,1,1.2,Cash
321,675.0,2025-01-13,58.0,3,0.15,Cash
322,497.0,2026-03-29,24.0,2,0.0,PayPal
323,87.0,2025-09-01,19.0,0,0.05,Bank Transfer
324,771.0,2026-02-27,53.0,1,,Bank Transfer
325,744.0,2024-08-03,22.0,2,0.2,Credit Card
326,658.0,2026-02-12,34.0,3,0.0,Cash
327,476.0,2025-05-02,52.0,1,-0.1,Cash
328,389.0,2025-04-30,50.0,1,-0.1,Bank Transfer
329,13.0,2026-03-27,37.0,1,,PayPal
330,543.0,2024-04-09,6.0,5,,PayPal
331,443.0,2025-10-29,79.0,4,0.2,PayPal
332,274.0,2024-09-18,13.0,2,0.25,Bank Transfer
333,792.0,2026-01-21,31.0,2,0.1,Debit Card
334,346.0,2024-11-16,24.0,2,,Credit Card
335,70.0,2025-02-25,2.0,1,0.0,Bank Transfer
336,360.0,2026-01-12,29.0,1,0.1,Credit Card
337,25.0,2024-04-04,,1,1.2,Cash
338,,2025-12-26,,-1,0.0,Debit Card
339,134.0,2025-11-03,49.0,3,,Debit Card
340,190.0,2025-12-13,15.0,1,0.15,Bank Transfer
341,677.0,2025-10-16,10.0,2,0.15,Bank Transfer
342,709.0,2024-09-20,42.0,1,0.0,PayPal
343,796.0,2025-01-26,8.0,1,0.0,PayPal
344,272.0,2025-03-27,23.0,1,0.1,Debit Card
345,403.0,2025-10-22,23.0,2,0.05,Debit Card
346,788.0,2024-08-11,56.0,2,0.0,Bank Transfer
347,733.0,2024-04-15,34.0,1,0.0,Debit Card
348,746.0,2026-03-06,33.0,1,0.35,Cash
349,669.0,2024-02-08,1.0,2,0.15,Cash
350,717.0,2025-02-04,43.0,2,-0.1,Bank Transfer
351,490.0,2025-02-17,56.0,4,0.0,Debit Card
352,232.0,2025-01-28,1.0,-1,0.35,Credit Card
353,581.0,2025-01-02,69.0,1,0.15,Bank Transfer
354,57.0,2025-01-09,12.0,2,0.2,Credit Card
355,471.0,2025-10-25,38.0,1,-0.1,Credit Card
356,394.0,2024-11-02,25.0,2,0.0,PayPal
357,499.0,2025-10-09,11.0,1,0.1,Cash
358,37.0,2024-01-26,25.0,3,1.2,Cash
359,501.0,2024-03-05,,3,,PayPal
360,512.0,2026-05-04,69.0,3,0.0,Credit Card
361,348.0,2024-12-11,8.0,3,0.0,Bank Transfer
362,122.0,2026-04-06,28.0,2,-0.1,Bank Transfer
363,695.0,2024-06-01,69.0,3,0.1,Credit Card
364,38.0,2025-05-15,19.0,2,0.35,Debit Card
365,47.0,2025-12-19,32.0,2,0.0,Cash
366,648.0,2024-11-10,7.0,4,0.0,Bank Transfer
367,626.0,2026-05-05,22.0,2,0.0,Credit Card
368,510.0,2026-03-29,77.0,2,0.0,Cash
369,437.0,2026-04-10,44.0,4,,Bank Transfer
370,333.0,2025-12-01,16.0,2,0.05,PayPal
371,219.0,2025-08-30,6.0,1,0.0,Credit Card
372,281.0,2026-02-14,19.0,1,0.2,Debit Card
373,169.0,2024-09-06,57.0,5,0.0,Cash
374,103.0,2025-01-20,79.0,3,0.0,Bank Transfer
375,83.0,2024-01-08,1.0,1,0.0,Debit Card
376,291.0,2025-12-11,54.0,3,0.35,Cash
377,212.0,2025-10-17,19.0,1,0.35,Bank Transfer
378,245.0,2025-09-17,23.0,2,1.2,Cash
379,735.0,2025-09-18,,-1,,PayPal
380,357.0,2024-01-05,54.0,2,0.1,Credit Card
381,543.0,2025-09-25,13.0,1,-0.1,Debit Card
382,225.0,2026-02-27,60.0,2,0.1,PayPal
383,55.0,2024-04-25,25.0,3,,Bank Transfer
384,510.0,2024-06-12,23.0,2,0.0,Credit Card
385,661.0,2024-10-18,47.0,1,0.15,PayPal
386,632.0,2024-02-14,59.0,1,0.0,Debit Card
387,181.0,2026-03-15,21.0,1,-0.1,Credit Card
388,73.0,2026-01-08,31.0,1,1.2,PayPal
389,430.0,2026-02-04,26.0,2,0.2,Cash
390,798.0,2024-11-29,15.0,1,0.1,Bank Transfer
391,205.0,2024-08-13,49.0,1,1.2,Bank Transfer
392,56.0,2024-05-28,56.0,1,1.2,Bank Transfer
393,183.0,2025-01-17,50.0,1,0.1,PayPal
394,277.0,2024-12-09,26.0,1,1.2,Credit Card
395,288.0,2024-04-23,18.0,4,0.35,Bank Transfer
396,176.0,2024-08-13,44.0,4,1.2,Cash
397,654.0,2024-06-23,79.0,2,-0.1,Cash
398,89.0,2026-05-27,53.0,2,0.1,Debit Card
399,485.0,2024-10-12,60.0,1,0.25,Cash
400,254.0,2025-03-20,42.0,2,1.2,Cash
401,588.0,2025-03-03,1.0,-2,0.0,Bank Transfer
402,752.0,2024-02-04,65.0,1,0.25,Bank Transfer
403,714.0,2025-04-08,13.0,2,0.0,Debit Card
404,772.0,2025-12-10,2.0,3,0.1,Cash
405,368.0,2024-09-01,38.0,2,0.0,Credit Card
406,492.0,2024-06-14,40.0,3,1.2,Debit Card
407,25.0,2025-04-19,59.0,3,0.25,Cash
408,380.0,2025-12-21,60.0,2,,Credit Card
409,395.0,2025-06-27,43.0,1,0.25,PayPal
410,,2025-07-09,79.0,2,0.1,Credit Card
411,636.0,2026-01-23,43.0,0,-0.1,PayPal
412,53.0,2025-01-27,15.0,1,1.2,Credit Card
413,375.0,2024-06-28,47.0,2,0.0,Debit Card
414,727.0,2024-05-21,27.0,-2,0.1,Debit Card
415,117.0,2026-01-25,62.0,0,1.2,Cash
416,772.0,2024-11-24,29.0,1,0.15,Debit Card
417,697.0,2024-10-10,55.0,1,0.2,PayPal
418,464.0,2025-05-28,63.0,2,0.0,Bank Transfer
419,727.0,2025-11-25,69.0,4,0.15,Bank Transfer
420,636.0,2026-03-30,48.0,2,0.0,Cash
421,469.0,2024-03-23,12.0,1,0.05,PayPal
422,79.0,2024-06-17,14.0,1,0.05,Bank Transfer
423,155.0,2025-06-17,27.0,-1,0.0,PayPal
424,427.0,2024-05-15,70.0,2,0.25,Bank Transfer
425,756.0,2024-10-25,3.0,1,0.0,Cash
426,533.0,2025-02-25,43.0,2,,PayPal
427,498.0,2025-11-12,76.0,2,-0.1,Bank Transfer
428,469.0,2025-08-03,39.0,1,0.15,Cash
429,267.0,2025-05-10,30.0,1,0.15,Credit Card
430,152.0,2024-10-18,46.0,2,0.05,Debit Card
431,165.0,2024-10-19,69.0,1,0.05,Cash
432,166.0,2024-04-29,31.0,1,0.2,Debit Card
433,130.0,2024-09-23,57.0,1,0.1,Debit Card
434,725.0,2025-11-12,5.0,1,0.2,Cash
435,382.0,2025-07-06,58.0,-1,-0.1,PayPal
436,125.0,2025-02-18,4.0,0,0.05,Bank Transfer
437,328.0,2024-01-05,20.0,-1,-0.1,Debit Card
438,340.0,2025-04-30,38.0,5,1.2,Cash
439,579.0,2024-12-12,57.0,2,0.35,Credit Card
440,143.0,2024-04-29,71.0,1,0.25,Debit Card
441,,2024-12-31,58.0,1,0.0,Debit Card
442,657.0,2025-08-20,25.0,2,0.15,Cash
443,24.0,2025-07-05,11.0,4,,Credit Card
444,525.0,2024-07-18,51.0,2,1.2,Debit Card
445,524.0,2025-11-13,8.0,1,0.05,Bank Transfer
446,379.0,2025-01-16,50.0,1,0.2,PayPal
447,316.0,2026-06-14,58.0,2,0.1,Bank Transfer
448,760.0,2026-04-02,54.0,1,0.05,Bank Transfer
449,747.0,2024-05-22,54.0,4,1.2,Credit Card
450,148.0,2024-11-06,27.0,2,-0.1,PayPal
451,68.0,2026-02-13,76.0,1,0.0,Bank Transfer
452,655.0,2025-02-28,35.0,1,0.35,Debit Card
453,774.0,2024-07-23,18.0,1,0.25,PayPal
454,568.0,2024-02-13,63.0,4,0.15,Debit Card
455,312.0,2025-07-26,64.0,3,0.1,Credit Card
456,3.0,2024-09-25,20.0,1,,Bank Transfer
457,128.0,2025-03-03,37.0,1,,Cash
458,30.0,2026-02-22,16.0,1,0.0,Debit Card
459,764.0,2025-08-18,47.0,2,0.25,PayPal
460,644.0,2025-12-11,61.0,3,0.2,Debit Card
461,751.0,2024-01-18,74.0,4,0.05,Debit Card
462,60.0,2024-11-23,19.0,2,0.05,PayPal
463,168.0,2024-10-06,7.0,1,,PayPal
464,50.0,2024-10-25,38.0,2,0.0,Debit Card
465,199.0,2026-02-22,24.0,1,0.05,Debit Card
466,331.0,2026-04-26,41.0,4,0.15,PayPal
467,702.0,2024-04-08,47.0,2,0.2,Cash
468,14.0,2025-06-14,18.0,1,0.35,Bank Transfer
469,349.0,2024-04-14,21.0,1,-0.1,Cash
470,193.0,2025-09-20,72.0,2,-0.1,Debit Card
471,730.0,2025-12-20,71.0,3,0.0,Bank Transfer
472,472.0,2024-04-29,10.0,3,0.0,Bank Transfer
473,357.0,2025-12-08,40.0,1,0.35,Debit Card
474,536.0,2024-06-25,44.0,3,0.0,Credit Card
475,228.0,2026-05-27,17.0,2,0.1,PayPal
476,129.0,2024-05-13,27.0,-2,0.25,Credit Card
477,80.0,2026-03-04,3.0,2,0.25,Credit Card
478,202.0,2024-02-03,14.0,3,-0.1,Debit Card
479,61.0,2024-05-01,61.0,5,0.0,Credit Card
480,309.0,2026-02-11,2.0,1,0.0,Debit Card
481,211.0,2024-07-23,76.0,1,0.2,Credit Card
482,93.0,2026-05-16,19.0,3,0.15,Debit Card
483,357.0,2024-06-13,46.0,4,1.2,Cash
484,518.0,2024-03-10,73.0,1,1.2,Credit Card
485,542.0,invalid_date,28.0,1,0.15,Cash
486,773.0,2024-01-05,69.0,-1,0.0,Cash
487,517.0,2025-01-10,61.0,2,0.05,Bank Transfer
488,690.0,2024-07-04,14.0,4,0.25,Bank Transfer
489,220.0,2024-08-21,66.0,1,0.2,Credit Card
490,478.0,2025-06-16,15.0,1,0.2,PayPal
491,571.0,2024-03-25,6.0,1,0.0,Bank Transfer
492,291.0,2025-09-06,59.0,3,,Bank Transfer
493,232.0,2025-02-21,71.0,1,0.25,Cash
494,72.0,2025-11-26,61.0,1,0.0,Bank Transfer
495,689.0,2025-02-09,14.0,1,,Credit Card
496,123.0,2025-02-08,19.0,1,1.2,Credit Card
497,760.0,2024-03-07,22.0,1,0.1,PayPal
498,206.0,2026-05-14,77.0,-2,0.0,Cash
499,435.0,2024-10-12,64.0,3,1.2,Debit Card
500,280.0,2024-12-30,52.0,2,1.2,Bank Transfer
501,497.0,2024-10-12,66.0,1,0.35,Credit Card
502,126.0,2025-05-16,33.0,2,,Cash
503,31.0,2026-01-25,13.0,1,0.0,Bank Transfer
504,695.0,2024-07-02,4.0,1,,PayPal
505,157.0,2025-09-28,39.0,2,0.0,Debit Card
506,786.0,2026-03-22,64.0,2,0.15,Bank Transfer
507,503.0,2024-09-24,65.0,2,-0.1,Debit Card
508,19.0,2025-03-16,5.0,4,0.0,Bank Transfer
509,461.0,2026-05-23,41.0,1,0.35,Credit Card
510,34.0,2025-07-24,23.0,2,0.15,Cash
511,504.0,2024-05-17,56.0,1,0.25,Bank Transfer
512,783.0,2025-08-05,15.0,2,,Debit Card
513,702.0,2025-08-08,70.0,2,-0.1,Cash
514,519.0,2025-02-04,8.0,1,1.2,Bank Transfer
515,632.0,2026-02-23,46.0,-1,0.2,Credit Card
516,29.0,2024-02-16,76.0,1,0.2,PayPal
517,760.0,2024-01-28,75.0,3,,PayPal
518,390.0,2025-03-14,13.0,1,0.2,Bank Transfer
519,360.0,2025-11-08,8.0,1,0.1,PayPal
520,607.0,2025-12-05,11.0,1,0.15,Credit Card
521,346.0,2024-01-21,22.0,2,0.0,Bank Transfer
522,674.0,2025-08-04,55.0,2,0.25,PayPal
523,21.0,2025-08-25,61.0,1,0.2,Bank Transfer
524,585.0,2024-11-26,50.0,2,0.35,Credit Card
525,708.0,2024-12-10,27.0,2,,PayPal
526,171.0,2024-11-02,79.0,1,0.25,Cash
527,509.0,2026-05-10,10.0,4,0.1,PayPal
528,272.0,2024-10-31,7.0,-2,0.25,Cash
529,640.0,2026-01-04,12.0,4,0.0,Debit Card
530,345.0,2024-03-09,35.0,2,-0.1,Bank Transfer
531,438.0,2024-12-21,27.0,3,,PayPal
532,517.0,2025-03-19,39.0,2,0.2,Cash
533,425.0,2024-09-14,52.0,2,0.35,Debit Card
534,185.0,2025-10-04,3.0,3,0.05,Debit Card
535,512.0,2025-11-07,28.0,-1,0.35,PayPal
536,654.0,2026-04-08,69.0,2,0.25,Debit Card
537,745.0,2025-06-18,8.0,1,0.35,Cash
538,247.0,2026-02-03,20.0,2,0.15,Bank Transfer
539,421.0,2026-05-30,41.0,4,0.0,Cash
540,423.0,2026-04-23,35.0,1,0.05,PayPal
541,704.0,2024-08-29,77.0,1,0.0,Cash
542,197.0,2024-09-08,4.0,3,0.15,Bank Transfer
543,498.0,2025-03-22,72.0,1,0.0,Cash
544,164.0,2024-05-19,35.0,1,0.15,Debit Card
545,181.0,2026-01-09,6.0,2,0.0,Credit Card
546,86.0,2025-09-08,41.0,1,0.0,Bank Transfer
547,373.0,2025-02-10,,0,0.05,Cash
548,115.0,2026-01-22,74.0,2,0.0,Debit Card
549,681.0,2026-03-04,75.0,0,0.15,Bank Transfer
550,93.0,2025-09-06,31.0,1,0.2,PayPal
551,599.0,2026-04-05,50.0,3,0.1,Bank Transfer
552,224.0,2024-04-19,19.0,1,0.15,Bank Transfer
553,419.0,2026-06-02,33.0,2,0.35,Debit Card
554,384.0,2024-11-20,15.0,2,0.35,Cash
555,285.0,2025-01-06,19.0,2,0.2,PayPal
556,22.0,2024-02-05,78.0,4,,Credit Card
557,708.0,2024-09-16,31.0,2,0.15,PayPal
558,702.0,2025-07-01,16.0,4,0.35,Bank Transfer
559,9.0,2024-09-18,51.0,1,0.1,PayPal
560,216.0,2025-03-25,21.0,2,,Bank Transfer
561,35.0,2026-06-06,36.0,1,0.35,Bank Transfer
562,755.0,2026-05-11,53.0,1,0.25,Credit Card
563,165.0,2025-06-02,34.0,1,0.25,Debit Card
564,747.0,2026-01-25,71.0,1,0.0,Credit Card
565,657.0,2025-10-07,24.0,1,,Cash
566,4.0,2024-07-23,52.0,2,0.2,Debit Card
567,85.0,2024-06-10,15.0,1,,Cash
568,609.0,2026-03-22,53.0,0,0.35,Bank Transfer
569,753.0,2024-09-23,18.0,1,1.2,PayPal
570,289.0,2024-03-27,26.0,1,0.05,Bank Transfer
571,387.0,2024-08-17,74.0,1,0.0,Debit Card
572,663.0,2025-10-03,79.0,1,0.0,Bank Transfer
573,204.0,2025-12-19,34.0,4,0.0,Bank Transfer
574,633.0,2025-09-06,55.0,1,0.0,PayPal
575,175.0,2024-04-30,73.0,1,-0.1,Bank Transfer
576,792.0,2026-04-27,59.0,2,0.0,Cash
577,731.0,2024-07-14,27.0,0,0.15,PayPal
578,765.0,2025-01-26,64.0,1,0.1,Debit Card
579,221.0,2026-01-14,37.0,2,0.25,Cash
580,419.0,2024-01-30,19.0,1,0.15,Cash
581,633.0,2024-09-11,58.0,1,,Bank Transfer
582,88.0,2025-04-25,2.0,1,0.2,Bank Transfer
583,704.0,2025-12-31,28.0,1,0.25,Debit Card
584,263.0,2024-04-07,10.0,2,0.0,PayPal
585,241.0,2024-12-28,61.0,-2,,Debit Card
586,727.0,2024-01-06,6.0,1,1.2,Bank Transfer
587,310.0,2025-11-18,51.0,1,-0.1,Credit Card
588,595.0,2024-09-23,23.0,1,0.35,PayPal
589,480.0,2024-04-01,17.0,1,-0.1,Bank Transfer
590,146.0,2024-04-29,34.0,1,0.05,Bank Transfer
591,288.0,2025-03-16,47.0,1,0.15,Debit Card
592,780.0,2025-06-13,34.0,1,0.05,PayPal
593,755.0,2026-02-21,63.0,-1,-0.1,Bank Transfer
594,55.0,2024-06-01,25.0,1,0.05,Credit Card
595,482.0,2024-06-16,34.0,3,0.25,Credit Card
596,507.0,2025-03-28,6.0,1,-0.1,Bank Transfer
597,469.0,2024-04-25,64.0,4,0.05,Credit Card
598,358.0,2024-07-27,12.0,4,0.05,Cash
599,768.0,2026-04-22,66.0,1,,Debit Card
600,218.0,2024-01-05,75.0,2,1.2,Cash
601,427.0,2024-09-09,10.0,3,,Credit Card
602,337.0,2024-10-18,4.0,2,,Credit Card
603,404.0,2025-08-27,48.0,5,0.0,PayPal
604,158.0,2024-03-24,4.0,2,,Bank Transfer
605,465.0,2025-08-31,35.0,2,0.2,Credit Card
606,672.0,2025-04-08,80.0,1,1.2,Cash
607,217.0,2026-03-31,7.0,2,0.2,Credit Card
608,762.0,2025-07-14,10.0,-1,0.25,Credit Card
609,409.0,2024-07-01,33.0,1,0.25,Credit Card
610,22.0,2024-06-15,27.0,1,0.25,PayPal
611,663.0,2024-05-03,20.0,1,0.25,PayPal
612,702.0,2024-05-14,78.0,1,0.0,PayPal
613,525.0,2025-05-16,26.0,1,0.25,Bank Transfer
614,275.0,2025-09-06,73.0,1,0.25,PayPal
615,629.0,2025-03-20,,2,0.0,Credit Card
616,526.0,2025-04-19,44.0,2,,Cash
617,508.0,2025-10-06,68.0,2,0.0,PayPal
618,480.0,2024-03-22,56.0,5,0.35,PayPal
619,153.0,2025-12-01,17.0,5,0.1,Debit Card
620,438.0,2025-08-05,38.0,1,0.0,Credit Card
621,526.0,2025-06-06,14.0,1,0.0,Bank Transfer
622,677.0,2026-04-12,73.0,1,0.15,Debit Card
623,84.0,2024-01-17,,1,,Bank Transfer
624,184.0,2026-05-13,24.0,1,0.0,Bank Transfer
625,722.0,2024-11-17,39.0,2,0.35,Bank Transfer
626,639.0,2024-12-15,34.0,-1,0.05,Cash
627,190.0,2026-02-03,11.0,-2,0.15,Credit Card
628,445.0,2024-01-19,69.0,1,0.0,Credit Card
629,176.0,2025-04-16,62.0,2,,Debit Card
630,744.0,2024-11-06,63.0,2,1.2,PayPal
631,708.0,2025-15-01,51.0,1,0.05,Cash
632,15.0,2024-04-24,25.0,3,0.1,Credit Card
633,215.0,2025-10-26,62.0,1,0.1,Bank Transfer
634,642.0,2024-07-14,69.0,1,0.35,Cash
635,486.0,2024-01-23,55.0,1,0.05,Bank Transfer
636,497.0,2024-01-21,61.0,4,1.2,Cash
637,207.0,2025-08-06,38.0,4,0.25,Credit Card
638,342.0,2024-04-15,2.0,2,0.25,Bank Transfer
639,508.0,2025-09-02,75.0,3,0.15,Credit Card
640,500.0,2025-05-12,52.0,2,1.2,Bank Transfer
641,238.0,2025-06-24,8.0,1,1.2,PayPal
642,567.0,2024-10-01,9.0,5,0.25,Bank Transfer
643,120.0,2025-09-29,64.0,0,0.2,Bank Transfer
644,715.0,2024-01-22,56.0,1,0.1,Bank Transfer
645,353.0,2024-08-25,57.0,2,1.2,PayPal
646,617.0,2024-05-14,60.0,4,0.25,Bank Transfer
647,690.0,2026-03-26,47.0,2,0.05,Debit Card
648,213.0,2025-12-08,37.0,3,,Bank Transfer
649,133.0,2024-07-23,23.0,1,0.35,Credit Card
650,426.0,2024-11-06,64.0,1,-0.1,Credit Card
651,19.0,2024-09-24,46.0,1,0.05,Cash
652,516.0,2026-04-06,5.0,1,0.25,Credit Card
653,633.0,2024-05-03,30.0,2,0.35,PayPal
654,349.0,2026-02-26,46.0,1,-0.1,PayPal
655,155.0,2025-09-10,66.0,2,0.0,Bank Transfer
656,469.0,2024-04-18,15.0,3,1.2,Credit Card
657,576.0,2025-06-03,6.0,1,,Credit Card
658,211.0,2024-06-09,47.0,3,0.35,Debit Card
659,511.0,2024-06-06,13.0,2,0.2,Cash
660,126.0,2025-03-25,26.0,-1,0.0,Cash
661,486.0,2024-10-20,44.0,2,0.0,PayPal
662,382.0,2025-01-04,54.0,2,0.1,Cash
663,772.0,2025-03-07,68.0,3,0.05,Bank Transfer
664,424.0,2025-04-14,53.0,-1,-0.1,PayPal
665,31.0,2024-05-29,57.0,3,-0.1,Credit Card
666,87.0,2024-11-18,44.0,1,0.05,Bank Transfer
667,63.0,2026-02-16,51.0,1,,Cash
668,589.0,2025-10-08,8.0,-2,,Debit Card
669,303.0,2025-02-15,54.0,4,-0.1,PayPal
670,739.0,2024-12-18,41.0,1,0.15,Debit Card
671,626.0,2025-12-18,19.0,1,,Cash
672,558.0,2026-03-18,80.0,2,0.35,PayPal
673,665.0,2026-03-05,52.0,1,0.15,Credit Card
674,38.0,2024-12-08,69.0,1,0.05,Debit Card
675,554.0,2024-08-06,37.0,1,-0.1,PayPal
676,534.0,2026-02-14,44.0,2,0.0,Credit Card
677,553.0,2024-09-21,,1,0.15,Bank Transfer
678,518.0,2026-01-19,15.0,1,0.2,PayPal
679,643.0,2024-12-28,65.0,1,,Credit Card
680,460.0,2025-08-09,39.0,3,0.35,PayPal
681,242.0,2025-08-02,75.0,3,,Debit Card
682,610.0,2024-12-24,30.0,1,,Debit Card
683,689.0,2026-01-01,18.0,1,0.1,Credit Card
684,336.0,2025-08-19,67.0,1,0.2,Bank Transfer
685,101.0,2025-12-29,19.0,1,0.25,Credit Card
686,95.0,2025-03-11,8.0,4,0.35,Cash
687,457.0,2025-01-13,10.0,2,0.25,Debit Card
688,573.0,2026-03-08,67.0,1,0.15,Debit Card
689,511.0,2025-03-26,55.0,2,0.35,Bank Transfer
690,167.0,2025-06-01,19.0,1,0.35,Cash
691,722.0,2026-06-02,66.0,2,0.1,Bank Transfer
692,485.0,2026-02-03,5.0,1,-0.1,PayPal
693,122.0,2026-05-22,78.0,1,0.0,PayPal
694,586.0,2024-02-11,38.0,2,0.0,PayPal
695,313.0,2024-11-06,48.0,1,0.0,Cash
696,146.0,2025-03-07,76.0,1,0.15,PayPal
697,,2026-04-18,24.0,3,0.0,Credit Card
698,561.0,2024-03-10,45.0,4,0.25,Bank Transfer
699,587.0,2025-08-02,40.0,2,0.2,Bank Transfer
700,487.0,2024-05-15,78.0,3,-0.1,Bank Transfer
701,780.0,2025-11-14,58.0,1,0.2,Credit Card
702,640.0,2025-02-23,80.0,1,0.25,PayPal
703,554.0,2025-11-17,6.0,5,0.15,Credit Card
704,170.0,2025-08-08,4.0,2,0.15,Debit Card
705,661.0,2025-10-21,16.0,2,0.1,Debit Card
706,555.0,2026-02-14,74.0,1,1.2,Debit Card
707,194.0,2025-05-29,61.0,5,0.0,Debit Card
708,185.0,2024-10-08,3.0,3,0.1,Debit Card
709,455.0,2026-04-06,11.0,2,0.2,Bank Transfer
710,604.0,2025-05-18,6.0,4,0.0,PayPal
711,448.0,2025-02-28,24.0,1,-0.1,PayPal
712,392.0,2024-04-03,33.0,1,0.0,Debit Card
713,173.0,2024-05-27,37.0,1,0.0,Cash
714,315.0,2025-11-25,53.0,1,1.2,PayPal
715,186.0,2025-12-31,4.0,1,0.25,Credit Card
716,328.0,2025-02-26,19.0,5,0.15,Bank Transfer
717,124.0,2024-07-26,7.0,1,1.2,Debit Card
718,243.0,2025-06-04,64.0,3,0.25,Credit Card
719,276.0,2024-11-21,8.0,2,0.25,Credit Card
720,496.0,2025-02-21,4.0,2,0.0,PayPal
721,568.0,2025-11-22,76.0,1,-0.1,Cash
722,312.0,2025-02-20,73.0,1,,Debit Card
723,209.0,2025-01-17,19.0,2,0.05,Cash
724,551.0,2025-07-22,55.0,2,0.0,Bank Transfer
725,636.0,2025-10-30,38.0,-1,0.0,Credit Card
726,494.0,2025-09-04,35.0,1,,Bank Transfer
727,360.0,2025-08-22,28.0,4,0.15,Credit Card
728,166.0,2025-07-30,,1,0.0,Bank Transfer
729,716.0,2026-04-30,16.0,1,-0.1,PayPal
730,443.0,2025-09-17,27.0,2,0.2,PayPal
731,651.0,2026-02-09,34.0,3,0.15,Cash
732,679.0,2024-12-15,42.0,1,1.2,PayPal
733,17.0,2025-10-23,18.0,5,1.2,Bank Transfer
734,5.0,2025-11-19,2.0,1,-0.1,Bank Transfer
735,781.0,2025-07-05,51.0,1,,Credit Card
736,552.0,2026-05-02,4.0,3,0.35,Credit Card
737,362.0,2026-04-27,49.0,2,0.25,Cash
738,787.0,2024-05-07,2.0,2,0.1,Bank Transfer
739,10.0,2026-01-30,29.0,1,0.15,PayPal
740,197.0,2026-04-15,12.0,2,0.15,Cash
741,240.0,2025-01-06,64.0,1,0.35,Debit Card
742,215.0,2024-07-19,1.0,-2,,Bank Transfer
743,114.0,2025-08-05,36.0,2,0.05,Debit Card
744,199.0,2025-11-19,73.0,2,1.2,Cash
745,67.0,2024-05-11,76.0,3,0.05,PayPal
746,584.0,2025-06-19,30.0,3,0.15,Cash
747,695.0,2025-12-10,3.0,2,1.2,PayPal
748,698.0,2025-04-09,72.0,1,0.25,Credit Card
749,331.0,2026-05-14,56.0,-2,0.15,Credit Card
750,697.0,2025-04-22,67.0,2,-0.1,Credit Card
751,739.0,2024-02-18,29.0,1,0.25,Debit Card
752,460.0,2024-01-06,41.0,1,0.2,Credit Card
753,586.0,2026-01-25,4.0,1,0.25,Credit Card
754,256.0,2024-06-17,26.0,1,0.0,Credit Card
755,29.0,2025-03-18,62.0,3,1.2,PayPal
756,257.0,2024-04-20,32.0,2,0.2,Credit Card
757,342.0,2026-03-24,67.0,1,0.0,Debit Card
758,635.0,2026-02-21,57.0,1,0.35,Debit Card
759,128.0,2024-03-03,11.0,5,0.25,PayPal
760,711.0,2026-03-12,9.0,1,0.35,Credit Card
761,309.0,2025-10-03,79.0,1,0.0,Credit Card
762,573.0,2024-10-28,7.0,4,0.25,Credit Card
763,633.0,2024-08-26,53.0,4,,Debit Card
764,11.0,2025-01-28,59.0,2,0.25,Debit Card
765,635.0,2024-12-13,13.0,2,,Credit Card
766,465.0,2024-12-02,67.0,2,0.0,Credit Card
767,13.0,2025-12-31,77.0,1,0.1,Debit Card
768,130.0,2024-09-19,66.0,1,0.35,Debit Card
769,456.0,2024-09-05,24.0,1,0.0,Credit Card
770,131.0,2025-08-21,40.0,1,,PayPal
771,319.0,2025-07-08,75.0,3,0.05,Bank Transfer
772,317.0,2024-12-17,78.0,1,0.0,Debit Card
773,601.0,2024-02-28,19.0,1,-0.1,Credit Card
774,433.0,2024-07-19,45.0,-1,,Cash
775,71.0,2024-07-12,44.0,2,0.35,Debit Card
776,710.0,2026-05-22,43.0,2,0.2,Debit Card
777,307.0,2024-12-02,54.0,1,0.35,Credit Card
778,508.0,2024-01-04,29.0,2,0.1,Bank Transfer
779,639.0,2024-09-01,28.0,2,0.2,Bank Transfer
780,211.0,2024-07-07,52.0,4,0.0,PayPal
781,11.0,2025-01-01,10.0,1,0.0,Cash
782,298.0,2024-07-18,57.0,2,0.2,Credit Card
783,31.0,2024-07-21,26.0,1,0.1,PayPal
784,737.0,2024-12-13,23.0,4,0.1,Cash
785,201.0,2024-06-29,3.0,4,0.0,Credit Card
786,694.0,2025-01-23,18.0,2,0.0,PayPal
787,216.0,2025-04-12,40.0,1,0.2,Cash
788,,2025-03-20,80.0,4,0.0,Credit Card
789,148.0,2026-03-24,17.0,1,-0.1,Bank Transfer
790,712.0,2024-11-21,48.0,2,,Cash
791,48.0,2025-08-24,79.0,1,-0.1,PayPal
792,153.0,2024-09-10,42.0,1,0.15,Cash
793,521.0,2025-05-15,75.0,1,0.0,Bank Transfer
794,680.0,2024-03-07,79.0,1,0.25,Debit Card
795,384.0,2025-06-15,64.0,2,0.2,PayPal
796,539.0,2026-01-02,62.0,-1,0.35,PayPal
797,596.0,2025-10-15,52.0,5,1.2,Credit Card
798,213.0,2024-07-26,29.0,2,0.1,Bank Transfer
799,224.0,2025-03-11,40.0,4,1.2,Cash
800,384.0,2025-07-17,33.0,1,0.0,PayPal
801,456.0,2024-12-26,67.0,1,0.0,Bank Transfer
802,525.0,2024-12-10,80.0,1,0.35,Bank Transfer
803,419.0,2026-04-03,48.0,2,0.15,Bank Transfer
804,26.0,2025-03-28,23.0,1,,Credit Card
805,368.0,2024-10-28,11.0,4,-0.1,Debit Card
806,660.0,2026-03-15,11.0,1,0.1,Credit Card
807,122.0,2025-01-03,10.0,1,0.1,PayPal
808,202.0,2024-09-13,43.0,1,,PayPal
809,196.0,2024-05-21,78.0,-2,-0.1,PayPal
810,9.0,2024-10-15,39.0,4,0.25,Bank Transfer
811,594.0,2025-04-28,2.0,2,0.05,Bank Transfer
812,234.0,2026-01-10,30.0,3,0.35,Cash
813,529.0,2026-03-15,76.0,2,0.35,Bank Transfer
814,349.0,2024-11-16,11.0,4,0.25,Bank Transfer
815,215.0,2025-04-05,57.0,4,0.0,PayPal
816,143.0,2026-06-13,74.0,1,0.0,Bank Transfer
817,675.0,2024-12-13,46.0,1,0.25,Bank Transfer
818,782.0,2024-11-02,69.0,1,0.0,Debit Card
819,33.0,2024-06-06,18.0,-1,0.2,Debit Card
820,645.0,2025-09-14,78.0,2,0.25,Bank Transfer
821,210.0,2024-03-06,51.0,2,0.1,Bank Transfer
822,112.0,2025-08-06,43.0,-1,,PayPal
823,96.0,2024-04-16,22.0,2,0.05,Credit Card
824,706.0,2025-05-15,78.0,1,0.1,Credit Card
825,396.0,2024-07-29,37.0,1,,Debit Card
826,72.0,2024-02-28,59.0,1,0.0,Cash
827,335.0,2025-02-04,53.0,1,0.0,Cash
828,550.0,2025-05-04,54.0,3,0.25,Cash
829,134.0,2024-11-13,27.0,1,,Bank Transfer
830,163.0,2025-08-11,78.0,0,1.2,Cash
831,515.0,2024-10-09,59.0,1,0.05,Bank Transfer
832,66.0,2025-09-11,52.0,3,-0.1,PayPal
833,583.0,2025-04-16,63.0,2,0.0,Credit Card
834,295.0,2024-12-21,59.0,3,0.15,Bank Transfer
835,628.0,2025-03-01,23.0,1,1.2,Bank Transfer
836,469.0,2025-11-05,50.0,1,1.2,Credit Card
837,403.0,2024-09-02,6.0,4,0.05,PayPal
838,644.0,2024-10-25,69.0,2,0.0,Cash
839,506.0,2026-02-19,53.0,2,0.2,Credit Card
840,774.0,2025-05-31,14.0,3,0.2,Bank Transfer
841,462.0,2024-09-15,22.0,1,0.0,Bank Transfer
842,28.0,2025-10-16,10.0,2,0.35,Bank Transfer
843,352.0,2026-05-26,52.0,1,0.0,Credit Card
844,257.0,2025-12-27,15.0,5,0.2,Bank Transfer
845,497.0,2024-03-10,60.0,1,,Cash
846,731.0,2024-05-23,57.0,2,0.15,Cash
847,175.0,2025-09-13,3.0,1,0.15,Credit Card
848,548.0,2024-06-21,51.0,1,0.0,PayPal
849,158.0,2025-01-01,57.0,1,0.0,Debit Card
850,222.0,2025-12-14,57.0,1,,Debit Card
851,657.0,2025-02-03,14.0,2,0.35,Credit Card
852,613.0,2024-02-19,1.0,3,0.1,Cash
853,384.0,2024-07-23,31.0,1,0.25,Credit Card
854,15.0,2026-04-20,44.0,1,,Credit Card
855,226.0,2026-03-27,13.0,4,,Cash
856,742.0,2024-02-15,22.0,1,0.0,PayPal
857,331.0,2025-10-03,72.0,1,0.1,Debit Card
858,405.0,2024-05-03,55.0,1,0.0,PayPal
859,332.0,2024-01-16,23.0,1,0.2,Credit Card
860,399.0,2025-04-14,28.0,1,,PayPal
861,666.0,2025-01-12,80.0,1,0.1,Bank Transfer
862,309.0,2025-05-26,77.0,-2,0.0,Debit Card
863,583.0,2024-09-14,22.0,-1,1.2,PayPal
864,647.0,2025-11-25,50.0,5,0.05,PayPal
865,180.0,2026-05-21,41.0,2,0.0,PayPal
866,19.0,2025-08-22,78.0,1,-0.1,Cash
867,516.0,2025-12-22,76.0,-2,0.1,Credit Card
868,632.0,2024-11-12,16.0,1,0.25,Cash
869,635.0,2024-03-02,11.0,1,0.35,PayPal
870,207.0,2025-01-19,20.0,1,0.0,Cash
871,743.0,2025-03-30,77.0,3,0.2,Cash
872,285.0,2025-10-21,41.0,3,0.0,Debit Card
873,425.0,2026-02-07,37.0,1,0.2,PayPal
874,249.0,2025-07-06,27.0,1,,Cash
875,704.0,2025-09-14,29.0,4,-0.1,PayPal
876,188.0,2025-10-06,57.0,1,0.35,Credit Card
877,198.0,2025-10-11,7.0,-2,0.1,Cash
878,94.0,2025-08-29,23.0,2,0.1,Cash
879,520.0,2025-03-12,11.0,3,0.15,Cash
880,739.0,2024-09-07,26.0,1,1.2,Cash
881,311.0,2025-08-13,37.0,1,,Cash
882,279.0,2024-03-22,62.0,-1,0.2,Bank Transfer
883,387.0,2025-04-27,22.0,1,-0.1,Debit Card
884,753.0,2026-02-17,56.0,1,0.35,Credit Card
885,781.0,2025-03-13,49.0,4,0.15,Debit Card
886,551.0,2025-07-20,20.0,3,0.15,Bank Transfer
887,475.0,2025-04-09,40.0,1,-0.1,Debit Card
888,493.0,2024-12-07,10.0,1,0.35,Cash
889,159.0,2024-01-05,25.0,1,-0.1,PayPal
890,504.0,2025-03-01,52.0,0,0.2,Bank Transfer
891,502.0,2025-10-18,40.0,-2,0.0,Bank Transfer
892,40.0,2025-01-29,16.0,0,0.05,Cash
893,782.0,2024-09-18,56.0,3,0.2,Debit Card
894,727.0,2025-10-12,63.0,2,0.0,Bank Transfer
895,435.0,2024-09-05,32.0,2,0.2,Credit Card
896,715.0,2024-09-24,19.0,2,,Cash
897,261.0,2025-09-08,32.0,2,,Cash
898,13.0,2026-02-28,15.0,1,0.25,Bank Transfer
899,724.0,2024-03-23,76.0,2,0.1,Bank Transfer
900,170.0,2024-09-15,55.0,2,-0.1,Debit Card
901,675.0,2025-08-23,49.0,1,0.25,Credit Card
902,112.0,2026-03-06,74.0,3,0.05,PayPal
903,767.0,2026-02-05,27.0,1,0.15,Credit Card
904,173.0,2024-01-02,63.0,1,0.25,Debit Card
905,427.0,2026-01-20,37.0,1,0.05,PayPal
906,191.0,2024-07-21,18.0,2,-0.1,Credit Card
907,462.0,2026-04-13,73.0,1,0.1,Credit Card
908,768.0,2026-04-08,24.0,3,0.15,Bank Transfer
909,452.0,2024-04-21,80.0,4,0.05,Credit Card
910,301.0,2025-01-21,11.0,1,0.0,PayPal
911,31.0,2024-08-28,75.0,2,,Credit Card
912,10.0,2024-09-29,8.0,3,0.0,Debit Card
913,43.0,2024-08-04,13.0,2,0.0,Bank Transfer
914,618.0,2026-02-18,67.0,1,0.35,Bank Transfer
915,776.0,2025-09-10,44.0,1,0.2,PayPal
916,323.0,2025-01-04,31.0,2,0.25,Debit Card
917,59.0,2026-06-13,46.0,1,0.0,Credit Card
918,468.0,2026-01-12,52.0,4,0.05,Credit Card
919,617.0,2026-06-08,16.0,2,0.1,PayPal
920,463.0,2025-12-03,80.0,2,0.35,Debit Card
921,424.0,2024-01-04,25.0,-2,0.2,Credit Card
922,649.0,2026-06-13,47.0,1,0.2,Bank Transfer
923,240.0,2025-05-11,78.0,1,1.2,Credit Card
924,357.0,2025-05-02,55.0,-2,0.0,Bank Transfer
925,301.0,2024-07-18,78.0,3,-0.1,Debit Card
926,734.0,2024-02-02,65.0,1,0.0,PayPal
927,690.0,2026-06-14,71.0,2,0.35,Credit Card
928,494.0,2024-09-03,70.0,1,0.05,Credit Card
929,109.0,2026-01-02,56.0,1,0.2,Bank Transfer
930,785.0,2024-08-13,36.0,3,,Bank Transfer
931,687.0,2025-11-12,16.0,1,-0.1,Bank Transfer
932,93.0,2026-06-11,43.0,1,1.2,Debit Card
933,67.0,2025-01-21,44.0,5,0.25,Debit Card
934,448.0,2024-08-16,30.0,1,0.15,Credit Card
935,115.0,2024-12-14,12.0,3,0.1,Credit Card
936,587.0,2024-05-10,48.0,4,0.25,Debit Card
937,755.0,2024-11-14,1.0,1,-0.1,Cash
938,398.0,2024-11-23,55.0,3,,Cash
939,533.0,2025-08-27,78.0,1,0.25,Credit Card
940,552.0,2024-11-19,59.0,1,0.15,Cash
941,512.0,2024-05-30,59.0,2,0.05,Credit Card
942,614.0,2024-11-12,41.0,2,0.0,PayPal
943,724.0,2025-05-04,74.0,2,0.1,Bank Transfer
944,299.0,2024-03-01,49.0,-2,0.2,Cash
945,734.0,2026-05-18,27.0,3,0.1,Credit Card
946,795.0,2026-05-27,23.0,2,0.25,PayPal
947,676.0,2024-01-23,21.0,2,0.2,Bank Transfer
948,695.0,2024-12-22,61.0,3,0.25,Credit Card
949,541.0,2024-10-16,37.0,2,0.1,Debit Card
950,404.0,2024-05-14,13.0,1,1.2,Credit Card
951,727.0,2025-04-13,39.0,2,1.2,Cash
952,453.0,2024-10-25,62.0,5,0.1,Cash
953,767.0,2026-01-22,26.0,2,0.2,Debit Card
954,105.0,2025-01-20,19.0,-1,0.25,Cash
955,58.0,2024-12-30,13.0,-1,0.05,Credit Card
956,121.0,2025-10-27,66.0,1,0.25,Cash
957,643.0,2024-09-07,52.0,1,0.1,Bank Transfer
958,501.0,2025-12-05,39.0,2,0.05,Bank Transfer
959,795.0,2026-03-07,12.0,2,,Bank Transfer
960,282.0,2025-01-11,57.0,1,0.0,Credit Card
961,125.0,2025-10-18,63.0,2,-0.1,Cash
962,24.0,2025-08-09,76.0,-2,0.35,PayPal
963,711.0,2026-03-24,13.0,2,0.25,Bank Transfer
964,661.0,2024-11-01,56.0,2,0.0,PayPal
965,66.0,2024-07-08,69.0,1,0.0,Bank Transfer
966,570.0,2024-02-30,69.0,3,0.35,Credit Card
967,532.0,2025-07-05,75.0,3,,Credit Card
968,772.0,2025-11-05,27.0,5,0.05,Debit Card
969,712.0,2024-01-06,24.0,2,0.2,Credit Card
970,41.0,2025-08-11,17.0,1,0.05,Credit Card
971,576.0,2026-05-21,33.0,3,0.0,Credit Card
972,519.0,2025-01-07,39.0,-1,0.05,Bank Transfer
973,674.0,2024-09-11,1.0,1,-0.1,PayPal
974,675.0,2025-03-31,69.0,1,0.35,PayPal
975,536.0,2025-09-12,46.0,2,0.1,Credit Card
976,679.0,2024-08-30,6.0,1,0.05,PayPal
977,221.0,2025-09-08,18.0,2,1.2,PayPal
978,285.0,2026-01-16,17.0,2,0.0,Debit Card
979,262.0,2025-01-25,34.0,2,0.05,Bank Transfer
980,468.0,2024-09-17,11.0,2,0.05,Debit Card
981,209.0,2025-10-06,10.0,3,,Cash
982,732.0,2025-07-31,48.0,2,-0.1,Debit Card
983,168.0,2026-04-21,54.0,1,0.25,Bank Transfer
984,27.0,2024-09-10,78.0,1,0.0,Debit Card
985,113.0,2025-02-20,71.0,1,,Credit Card
986,372.0,2026-03-07,43.0,1,0.1,PayPal
987,11.0,2025-01-21,13.0,-1,0.1,Bank Transfer
988,108.0,2024-06-28,16.0,2,0.15,Debit Card
989,502.0,2025-06-25,13.0,1,1.2,PayPal
990,565.0,2025-09-14,35.0,1,0.0,Cash
991,326.0,2024-07-04,50.0,1,,Debit Card
992,565.0,2026-05-20,77.0,1,1.2,Cash
993,266.0,2025-12-04,2.0,2,0.05,Cash
994,147.0,2025-08-04,49.0,3,0.0,PayPal
995,725.0,2025-11-25,32.0,2,0.35,Cash
996,450.0,2026-03-28,46.0,2,0.15,PayPal
997,439.0,2026-01-05,67.0,4,0.1,PayPal
998,651.0,2024-11-08,12.0,1,0.2,Credit Card
999,650.0,2024-03-19,11.0,3,0.0,Cash
1000,590.0,2024-03-27,8.0,3,-0.1,Bank Transfer
1001,11.0,2025-11-24,55.0,2,0.05,Bank Transfer
1002,510.0,2025-12-02,66.0,-2,-0.1,Credit Card
1003,416.0,2025-09-23,2.0,1,0.0,Bank Transfer
1004,720.0,2026-02-06,69.0,1,,Debit Card
1005,701.0,2024-02-13,78.0,2,0.05,Debit Card
1006,231.0,2024-03-17,23.0,1,0.05,Debit Card
1007,362.0,2025-03-08,7.0,2,0.05,PayPal
1008,116.0,2025-11-26,44.0,1,-0.1,Credit Card
1009,298.0,2025-05-09,39.0,1,0.1,Credit Card
1010,756.0,2025-02-07,73.0,1,0.15,Debit Card
1011,37.0,2025-09-24,60.0,4,0.0,PayPal
1012,7.0,2025-04-16,79.0,1,0.2,Credit Card
1013,6.0,2026-01-09,45.0,1,0.2,Credit Card
1014,104.0,2025-05-18,56.0,1,-0.1,Debit Card
1015,158.0,2024-05-06,53.0,5,0.0,Cash
1016,788.0,2024-08-19,33.0,2,0.2,PayPal
1017,374.0,2024-07-05,55.0,2,0.15,Credit Card
1018,450.0,2024-06-14,57.0,1,0.25,Credit Card
1019,368.0,2024-04-23,26.0,1,0.0,Cash
1020,405.0,2026-01-31,54.0,1,0.0,Cash
1021,683.0,2025-05-05,26.0,-1,0.15,Credit Card
1022,432.0,2025-07-17,63.0,2,,Cash
1023,333.0,2025-05-28,52.0,3,0.25,Cash
1024,113.0,2026-03-22,14.0,1,0.05,PayPal
1025,513.0,2026-02-24,2.0,2,0.0,PayPal
1026,440.0,2026-01-25,77.0,1,0.35,PayPal
1027,289.0,2024-03-25,63.0,3,0.1,Debit Card
1028,157.0,2024-07-10,66.0,1,0.0,PayPal
1029,718.0,2025-11-13,32.0,4,0.1,Bank Transfer
1030,724.0,2025-12-18,14.0,3,1.2,Cash
1031,194.0,2025-10-06,76.0,2,0.1,Credit Card
1032,136.0,2024-02-09,52.0,1,0.1,Cash
1033,437.0,2025-09-23,3.0,1,0.0,Bank Transfer
1034,418.0,2024-11-09,68.0,3,0.1,Cash
1035,345.0,2025-05-05,55.0,1,0.25,Credit Card
1036,312.0,2024-10-02,15.0,1,0.2,Bank Transfer
1037,253.0,2024-02-18,41.0,1,0.0,Credit Card
1038,677.0,2024-08-05,42.0,1,0.15,Debit Card
1039,104.0,2024-07-08,56.0,1,0.35,PayPal
1040,343.0,2024-04-24,39.0,1,0.0,Debit Card
1041,789.0,2024-12-05,17.0,1,0.2,Debit Card
1042,542.0,2025-01-15,78.0,1,0.15,Cash
1043,599.0,2024-03-30,50.0,4,0.05,Debit Card
1044,124.0,2025-08-23,6.0,-1,,Cash
1045,198.0,2024-04-11,58.0,1,-0.1,Debit Card
1046,352.0,2026-01-12,39.0,2,0.1,Debit Card
1047,739.0,2024-02-14,20.0,1,0.25,Debit Card
1048,729.0,2026-06-17,33.0,3,-0.1,PayPal
1049,375.0,2025-10-06,58.0,3,0.25,Credit Card
1050,495.0,2025-06-20,54.0,0,-0.1,Credit Card
1051,171.0,2024-10-07,77.0,2,0.05,PayPal
1052,47.0,2024-03-03,73.0,3,0.1,Bank Transfer
1053,507.0,2026-06-10,69.0,2,0.0,Cash
1054,449.0,2025-01-28,66.0,2,0.25,Bank Transfer
1055,622.0,2024-07-30,35.0,1,0.05,Debit Card
1056,224.0,2025-12-14,76.0,1,-0.1,Bank Transfer
1057,516.0,2024-09-22,68.0,1,0.1,PayPal
1058,726.0,2025-07-19,35.0,1,0.1,Credit Card
1059,547.0,2024-10-25,31.0,1,0.05,PayPal
1060,137.0,2026-06-13,35.0,3,,Cash
1061,216.0,2024-04-28,69.0,1,0.2,Debit Card
1062,378.0,2024-03-26,42.0,0,-0.1,PayPal
1063,740.0,2025-02-22,18.0,5,0.15,PayPal
1064,59.0,2026-04-23,2.0,1,0.15,Cash
1065,263.0,2025-07-04,3.0,2,1.2,Credit Card
1066,740.0,2025-10-31,49.0,1,,Debit Card
1067,565.0,2026-04-16,27.0,1,0.2,PayPal
1068,209.0,2025-10-06,75.0,3,0.25,Cash
1069,457.0,2026-01-17,30.0,3,0.2,Cash
1070,491.0,2025-05-22,12.0,1,0.05,Cash
1071,194.0,2025-05-17,73.0,0,0.05,PayPal
1072,22.0,2024-06-15,40.0,4,0.25,Debit Card
1073,193.0,2024-05-26,9.0,1,0.1,Bank Transfer
1074,661.0,2024-04-12,52.0,3,0.05,Credit Card
1075,618.0,2025-01-21,13.0,1,0.0,Credit Card
1076,782.0,2024-05-15,6.0,1,0.0,PayPal
1077,147.0,2024-01-14,77.0,3,0.0,Credit Card
1078,556.0,2026-05-23,44.0,3,0.1,Cash
1079,492.0,2025-03-30,73.0,3,0.15,PayPal
1080,491.0,2024-09-06,20.0,1,0.15,Debit Card
1081,127.0,2026-04-24,3.0,1,-0.1,PayPal
1082,106.0,2026-05-06,66.0,1,0.0,Cash
1083,25.0,2025-03-13,30.0,1,0.2,PayPal
1084,232.0,2025-12-04,50.0,4,0.0,Bank Transfer
1085,174.0,2024-08-17,15.0,1,0.15,PayPal
1086,79.0,2024-12-07,79.0,1,0.0,Credit Card
1087,620.0,2024-07-01,20.0,1,0.2,Debit Card
1088,186.0,2024-06-02,55.0,5,,PayPal
1089,640.0,2024-12-22,37.0,4,0.15,Bank Transfer
1090,678.0,2024-09-28,48.0,3,0.0,Credit Card
1091,153.0,2024-11-23,19.0,1,0.35,Bank Transfer
1092,69.0,2025-08-14,15.0,1,0.15,Cash
1093,93.0,2024-05-10,42.0,1,0.25,PayPal
1094,327.0,2025-03-10,64.0,2,0.25,Debit Card
1095,652.0,2024-05-21,43.0,3,,Cash
1096,393.0,2025-07-16,54.0,2,-0.1,Bank Transfer
1097,546.0,2026-04-21,69.0,1,0.0,Debit Card
1098,733.0,2025-06-23,54.0,2,0.1,Credit Card
1099,241.0,2024-01-03,47.0,1,0.0,PayPal
1100,572.0,2024-05-16,61.0,5,0.0,PayPal
1101,370.0,2024-10-28,18.0,2,-0.1,Bank Transfer
1102,249.0,2026-04-27,27.0,1,0.05,Credit Card
1103,713.0,2025-01-21,19.0,3,0.25,PayPal
1104,56.0,2025-11-09,14.0,2,0.35,Debit Card
1105,162.0,2024-05-30,4.0,1,0.0,Cash
1106,79.0,2025-08-05,2.0,4,0.25,Cash
1107,784.0,2025-04-26,24.0,3,-0.1,PayPal
1108,482.0,2026-01-09,53.0,1,,Credit Card
1109,294.0,2024-06-08,15.0,1,,Credit Card
1110,619.0,2025-05-30,23.0,1,0.25,Bank Transfer
1111,697.0,2025-07-21,59.0,3,0.15,Debit Card
1112,514.0,2025-12-27,40.0,1,0.05,PayPal
1113,95.0,2025-01-21,67.0,-1,0.05,Cash
1114,411.0,2024-02-27,80.0,1,0.05,Debit Card
1115,620.0,2026-04-16,10.0,2,0.35,PayPal
1116,669.0,2026-04-27,52.0,1,0.0,PayPal
1117,663.0,2024-07-18,55.0,1,0.0,Credit Card
1118,372.0,2026-03-08,78.0,4,0.0,Cash
1119,289.0,2025-07-08,21.0,1,0.1,Debit Card
1120,12.0,2024-07-11,40.0,2,,Credit Card
1121,247.0,2024-03-28,35.0,-1,1.2,Credit Card
1122,578.0,2024-02-16,62.0,1,0.0,PayPal
1123,9.0,2026-02-08,46.0,1,0.25,Debit Card
1124,200.0,2026-02-08,41.0,1,0.2,Cash
1125,720.0,2024-12-05,13.0,1,-0.1,Credit Card
1126,515.0,2024-01-25,20.0,2,0.25,Bank Transfer
1127,601.0,2024-10-24,5.0,1,,Bank Transfer
1128,81.0,2026-01-05,12.0,1,0.1,Cash
1129,788.0,2025-05-28,21.0,2,1.2,Debit Card
1130,788.0,2025-04-03,44.0,3,0.2,PayPal
1131,369.0,2026-05-26,80.0,0,0.0,Bank Transfer
1132,245.0,2025-09-17,27.0,2,0.05,Debit Card
1133,643.0,2024-04-09,64.0,3,0.05,PayPal
1134,561.0,2025-05-25,12.0,1,0.2,Cash
1135,303.0,2024-03-10,21.0,1,0.2,PayPal
1136,92.0,2024-07-02,10.0,3,0.35,PayPal
1137,485.0,2026-02-20,33.0,4,,Cash
1138,127.0,2025-05-14,73.0,1,0.15,Bank Transfer
1139,419.0,2025-11-27,80.0,1,0.2,Debit Card
1140,640.0,2025-01-17,41.0,1,0.25,Debit Card
1141,461.0,2026-06-17,34.0,4,,Credit Card
1142,636.0,2026-01-28,8.0,3,-0.1,Credit Card
1143,159.0,2024-10-24,14.0,1,1.2,Bank Transfer
1144,75.0,2025-02-01,29.0,4,,Credit Card
1145,358.0,2025-04-24,60.0,2,0.35,Credit Card
1146,88.0,2026-01-19,24.0,1,0.25,Bank Transfer
1147,205.0,2024-12-02,52.0,1,0.2,Debit Card
1148,498.0,2025-12-20,28.0,3,0.0,PayPal
1149,466.0,2025-07-12,5.0,1,0.35,Cash
1150,656.0,2024-11-23,28.0,2,1.2,Bank Transfer
1151,64.0,2026-03-19,47.0,1,0.35,Cash
1152,56.0,2026-06-07,28.0,1,,Bank Transfer
1153,277.0,2025-10-12,33.0,1,0.05,Credit Card
1154,281.0,2024-03-24,52.0,1,0.35,Bank Transfer
1155,538.0,2025-11-16,28.0,5,0.05,Credit Card
1156,95.0,2024-12-16,55.0,-1,0.15,Cash
1157,204.0,2025-03-05,45.0,2,-0.1,Cash
1158,714.0,2024-12-29,56.0,5,1.2,Bank Transfer
1159,11.0,2026-03-12,72.0,5,0.1,Credit Card
1160,741.0,2025-09-23,75.0,1,,PayPal
1161,15.0,2025-04-14,20.0,0,0.35,PayPal
1162,117.0,2024-09-26,53.0,2,0.0,Bank Transfer
1163,129.0,2025-10-16,58.0,-1,0.0,Credit Card
1164,224.0,2025-03-06,25.0,2,0.05,Debit Card
1165,387.0,2024-12-22,28.0,1,0.1,Debit Card
1166,15.0,2026-04-13,48.0,1,0.15,PayPal
1167,515.0,2025-12-17,16.0,2,0.35,Bank Transfer
1168,421.0,2024-12-26,46.0,4,0.25,Debit Card
1169,784.0,2024-04-26,43.0,5,0.35,Bank Transfer
1170,383.0,2025-07-20,23.0,2,-0.1,Bank Transfer
1171,391.0,2026-05-15,37.0,2,,Bank Transfer
1172,650.0,2025-12-19,37.0,2,0.0,Credit Card
1173,107.0,2025-10-27,12.0,1,0.25,Credit Card
1174,509.0,2025-07-11,80.0,1,0.35,Debit Card
1175,596.0,2025-11-14,5.0,1,0.25,Cash
1176,229.0,2025-07-18,59.0,1,0.1,Bank Transfer
1177,128.0,2026-03-23,45.0,5,0.25,Bank Transfer
1178,8.0,2026-03-11,48.0,1,0.15,PayPal
1179,675.0,2024-11-10,34.0,4,0.25,Cash
1180,5.0,2024-02-03,54.0,1,0.05,PayPal
1181,532.0,2024-11-21,77.0,1,1.2,Bank Transfer
1182,248.0,2025-02-04,72.0,1,,Bank Transfer
1183,53.0,2025-03-15,74.0,1,,Bank Transfer
1184,746.0,2025-02-16,23.0,5,-0.1,Cash
1185,448.0,2024-04-11,30.0,3,0.05,Debit Card
1186,122.0,2026-03-14,74.0,1,,PayPal
1187,567.0,2024-11-26,21.0,1,0.0,Credit Card
1188,448.0,2025-10-05,2.0,3,0.05,Credit Card
1189,633.0,2024-03-21,70.0,2,0.0,Cash
1190,465.0,2024-07-10,46.0,1,0.1,PayPal
1191,199.0,2026-05-10,69.0,1,0.25,PayPal
1192,676.0,2024-10-08,7.0,1,0.05,Credit Card
1193,654.0,2026-06-06,75.0,1,0.35,Debit Card
1194,126.0,2024-05-25,,1,0.05,Credit Card
1195,80.0,2026-05-14,64.0,1,0.1,Bank Transfer
1196,104.0,2026-03-25,63.0,1,0.0,Bank Transfer
1197,641.0,2024-08-03,10.0,2,0.25,PayPal
1198,649.0,2026-04-07,58.0,1,0.15,Credit Card
1199,183.0,2025-10-08,73.0,2,0.0,Credit Card
1200,352.0,2025-05-10,45.0,-2,1.2,Debit Card
1201,6.0,2025-06-18,21.0,3,0.0,Cash
1202,621.0,2025-07-02,4.0,1,-0.1,Cash
1203,222.0,2024-04-27,47.0,5,0.0,PayPal
1204,142.0,2024-03-26,29.0,3,0.05,PayPal
1205,281.0,2024-07-23,62.0,-1,0.2,Debit Card
1206,668.0,2025-04-23,38.0,3,0.35,Bank Transfer
1207,525.0,2024-07-16,52.0,1,0.1,PayPal
1208,403.0,2025-08-20,14.0,3,1.2,PayPal
1209,170.0,2026-01-09,27.0,2,0.35,Bank Transfer
1210,611.0,2026-04-15,35.0,1,0.0,Debit Card
1211,393.0,2024-07-23,55.0,2,0.2,Credit Card
1212,461.0,2024-02-04,22.0,-1,0.15,Debit Card
1213,420.0,2025-09-10,38.0,4,,Debit Card
1214,361.0,2024-01-31,51.0,1,0.2,Bank Transfer
1215,191.0,2024-09-08,46.0,1,,PayPal
1216,381.0,2026-03-09,19.0,1,0.0,PayPal
1217,705.0,2026-01-04,2.0,1,0.35,Debit Card
1218,330.0,2025-07-29,30.0,1,0.15,Debit Card
1219,218.0,2024-08-10,68.0,1,0.15,Debit Card
1220,688.0,2025-08-10,10.0,5,0.25,Bank Transfer
1221,326.0,2024-07-21,41.0,1,0.35,Bank Transfer
1222,48.0,2025-03-07,36.0,1,0.35,Cash
1223,616.0,2025-08-28,42.0,1,1.2,Credit Card
1224,292.0,2025-10-21,3.0,3,1.2,Credit Card
1225,473.0,2024-05-14,37.0,4,0.25,Credit Card
1226,547.0,2024-02-10,68.0,1,0.0,Credit Card
1227,482.0,2026-04-29,13.0,3,0.15,PayPal
1228,325.0,2025-02-13,45.0,1,0.2,Bank Transfer
1229,628.0,2025-02-06,7.0,1,0.35,Bank Transfer
1230,657.0,2026-05-13,16.0,1,1.2,Credit Card
1231,30.0,2024-02-18,29.0,4,0.05,Credit Card
1232,331.0,2024-08-19,56.0,1,0.1,PayPal
1233,551.0,2025-12-05,1.0,4,0.15,Credit Card
1234,114.0,2024-11-07,7.0,1,0.2,Debit Card
1235,389.0,2025-12-16,35.0,1,0.05,Debit Card
1236,472.0,2024-05-09,16.0,1,0.05,Debit Card
1237,424.0,2025-11-15,58.0,1,-0.1,Cash
1238,592.0,2025-11-08,62.0,2,0.15,PayPal
1239,792.0,2024-08-19,62.0,1,0.15,Credit Card
1240,362.0,2026-05-05,72.0,4,,Cash
1241,712.0,2024-03-17,10.0,-1,0.0,Cash
1242,14.0,2025-04-24,28.0,3,0.1,Bank Transfer
1243,108.0,2024-08-01,44.0,3,-0.1,Debit Card
1244,321.0,2025-12-26,40.0,2,0.05,Debit Card
1245,109.0,2024-08-12,17.0,5,0.25,Bank Transfer
1246,636.0,2024-07-26,66.0,3,0.1,Credit Card
1247,285.0,2024-06-17,55.0,2,1.2,Credit Card
1248,151.0,2026-06-16,60.0,1,0.0,Cash
1249,17.0,2024-07-10,59.0,1,0.35,Debit Card
1250,464.0,2024-09-28,46.0,1,-0.1,Credit Card
1251,363.0,2024-08-05,56.0,1,-0.1,Bank Transfer
1252,521.0,2024-02-24,43.0,1,0.2,Credit Card
1253,51.0,2026-01-19,49.0,5,0.1,PayPal
1254,194.0,2024-06-29,52.0,2,-0.1,Debit Card
1255,506.0,2025-03-19,67.0,1,0.0,Cash
1256,114.0,2024-04-27,29.0,1,0.0,Debit Card
1257,273.0,2024-03-08,31.0,2,0.15,Cash
1258,636.0,2025-02-05,52.0,1,0.1,PayPal
1259,508.0,2024-06-24,27.0,3,0.2,PayPal
1260,723.0,2024-10-21,77.0,3,0.0,Cash
1261,516.0,2025-05-03,80.0,3,0.1,Cash
1262,323.0,,9.0,1,0.35,Cash
1263,14.0,2025-03-14,61.0,1,0.05,PayPal
1264,79.0,2025-11-26,22.0,3,0.0,Debit Card
1265,361.0,2025-08-20,61.0,1,0.1,Bank Transfer
1266,113.0,2026-04-18,6.0,1,,PayPal
1267,234.0,2025-05-30,68.0,1,0.05,Credit Card
1268,103.0,2026-04-03,39.0,3,0.35,Bank Transfer
1269,,2025-07-12,45.0,1,0.35,PayPal
1270,374.0,2024-01-14,59.0,4,0.15,PayPal
1271,531.0,2025-05-10,77.0,1,,Debit Card
1272,746.0,2024-05-31,3.0,-1,0.1,Cash
1273,366.0,2024-02-01,64.0,1,0.25,PayPal
1274,212.0,2024-07-17,12.0,5,0.25,Credit Card
1275,281.0,2025-04-05,70.0,-2,-0.1,Cash
1276,272.0,2024-12-05,45.0,1,0.25,PayPal
1277,317.0,2024-02-12,25.0,2,0.2,Debit Card
1278,126.0,2026-03-25,56.0,2,0.2,PayPal
1279,113.0,2025-05-25,2.0,5,0.05,Bank Transfer
1280,698.0,2025-06-19,20.0,-1,1.2,Debit Card
1281,681.0,2024-11-06,21.0,2,0.0,PayPal
1282,16.0,2024-02-11,59.0,1,1.2,Credit Card
1283,55.0,2024-11-09,63.0,1,0.2,Credit Card
1284,52.0,2024-05-21,33.0,1,0.15,Debit Card
1285,682.0,2024-06-07,72.0,-1,0.15,Cash
1286,751.0,,26.0,2,0.0,PayPal
1287,225.0,2025-04-29,5.0,0,0.1,Bank Transfer
1288,433.0,2024-04-10,52.0,5,0.15,Debit Card
1289,319.0,2025-07-31,23.0,1,0.2,Debit Card
1290,143.0,2024-09-13,26.0,1,-0.1,Cash
1291,309.0,2024-03-28,40.0,1,,Bank Transfer
1292,559.0,2025-01-19,24.0,3,0.25,Credit Card
1293,142.0,2025-03-28,68.0,2,-0.1,PayPal
1294,480.0,2025-03-13,46.0,2,0.25,Bank Transfer
1295,29.0,2024-01-28,72.0,-1,0.25,Credit Card
1296,774.0,2025-09-21,18.0,5,0.1,Debit Card
1297,525.0,2024-05-10,48.0,2,1.2,PayPal
1298,55.0,2024-05-08,51.0,1,0.0,Bank Transfer
1299,782.0,2025-04-16,67.0,4,0.0,Credit Card
1300,277.0,2024-12-07,14.0,2,0.15,Debit Card
1301,494.0,2026-06-04,43.0,1,1.2,Debit Card
1302,758.0,2025-12-19,7.0,1,0.05,Debit Card
1303,759.0,2024-05-19,64.0,1,,Cash
1304,309.0,2026-01-06,40.0,-2,0.0,Bank Transfer
1305,639.0,2024-04-27,26.0,1,0.05,Debit Card
1306,124.0,2024-04-09,67.0,1,0.0,Bank Transfer
1307,26.0,2025-03-30,65.0,1,0.0,PayPal
1308,415.0,2024-07-07,62.0,4,-0.1,PayPal
1309,628.0,2026-05-29,57.0,2,0.0,Bank Transfer
1310,150.0,2024-07-08,3.0,1,,Cash
1311,175.0,2026-01-29,66.0,2,0.1,Bank Transfer
1312,492.0,2024-10-23,38.0,2,1.2,Bank Transfer
1313,377.0,2025-02-04,36.0,1,0.0,Bank Transfer
1314,427.0,2024-05-31,55.0,1,0.35,Credit Card
1315,578.0,2024-01-12,50.0,2,0.0,Debit Card
1316,456.0,2024-12-29,6.0,-1,0.35,Bank Transfer
1317,284.0,2024-06-11,2.0,1,-0.1,Cash
1318,358.0,2025-02-03,68.0,2,0.05,Cash
1319,361.0,2024-12-13,73.0,2,0.05,PayPal
1320,781.0,2025-02-07,39.0,1,,Bank Transfer
1321,386.0,2025-09-12,61.0,2,1.2,Debit Card
1322,795.0,2024-09-22,68.0,1,0.2,Debit Card
1323,595.0,2025-08-21,45.0,2,0.25,Credit Card
1324,47.0,2026-05-22,4.0,3,0.1,Credit Card
1325,682.0,2025-05-26,14.0,0,0.35,PayPal
1326,779.0,2026-03-01,30.0,3,0.1,Credit Card
1327,179.0,2026-02-12,50.0,-1,0.0,Credit Card
1328,627.0,2024-04-27,33.0,1,0.0,Bank Transfer
1329,782.0,2025-09-13,48.0,2,0.0,Cash
1330,329.0,2025-12-16,14.0,1,0.05,Debit Card
1331,570.0,2024-07-19,26.0,1,0.35,PayPal
1332,231.0,2026-01-29,26.0,1,-0.1,Cash
1333,89.0,2024-01-25,75.0,2,,Credit Card
1334,209.0,2026-04-09,5.0,1,0.0,PayPal
1335,793.0,2025-08-04,53.0,2,0.0,PayPal
1336,190.0,2025-05-23,68.0,1,0.1,Debit Card
1337,486.0,2024-12-26,65.0,1,-0.1,Cash
1338,69.0,2025-03-13,57.0,2,0.0,Debit Card
1339,81.0,2026-03-12,17.0,2,0.0,Credit Card
1340,511.0,2024-02-22,30.0,2,0.2,Credit Card
1341,230.0,2026-04-28,38.0,1,0.2,Credit Card
1342,162.0,2024-03-17,37.0,2,0.1,Debit Card
1343,626.0,2024-11-15,65.0,1,0.0,Debit Card
1344,715.0,2025-08-19,15.0,2,0.15,Credit Card
1345,34.0,2025-03-07,44.0,1,0.2,Credit Card
1346,143.0,2025-07-14,27.0,3,0.2,Credit Card
1347,242.0,2024-03-15,64.0,3,1.2,Debit Card
1348,720.0,2024-12-20,5.0,-2,0.25,Debit Card
1349,758.0,2024-03-23,79.0,4,0.35,Cash
1350,278.0,2024-04-16,6.0,1,-0.1,Cash
1351,666.0,2025-03-17,45.0,2,0.1,Credit Card
1352,57.0,2026-03-03,4.0,3,0.1,Debit Card
1353,,2025-11-29,49.0,2,0.0,Debit Card
1354,494.0,2025-01-31,7.0,3,0.05,Bank Transfer
1355,719.0,2025-07-16,55.0,1,0.35,Credit Card
1356,631.0,2024-12-26,48.0,1,0.25,Credit Card
1357,244.0,2024-04-04,30.0,2,0.1,Bank Transfer
1358,766.0,2025-08-04,69.0,1,0.0,Cash
1359,59.0,2024-02-28,10.0,1,0.05,PayPal
1360,45.0,2024-12-24,41.0,2,0.1,PayPal
1361,133.0,2025-02-11,78.0,2,0.0,Credit Card
1362,79.0,2025-07-10,33.0,1,0.2,Cash
1363,455.0,2025-01-10,39.0,3,0.15,Cash
1364,540.0,2024-11-22,35.0,2,-0.1,Credit Card
1365,56.0,2025-02-24,45.0,3,1.2,Bank Transfer
1366,287.0,2024-07-27,11.0,5,-0.1,Cash
1367,313.0,2024-08-03,71.0,1,0.05,Credit Card
1368,241.0,invalid_date,57.0,3,0.0,Credit Card
1369,511.0,2024-10-03,5.0,1,0.25,PayPal
1370,87.0,2024-10-12,8.0,4,0.25,Bank Transfer
1371,20.0,2025-01-28,49.0,1,0.1,Cash
1372,389.0,2025-11-06,24.0,1,0.0,PayPal
1373,33.0,2026-02-20,70.0,1,0.0,Debit Card
1374,773.0,2026-04-28,44.0,5,1.2,Cash
1375,776.0,2024-12-15,4.0,3,1.2,Bank Transfer
1376,438.0,2026-04-06,8.0,1,0.25,PayPal
1377,548.0,2025-03-10,60.0,2,1.2,Debit Card
1378,267.0,2025-01-25,21.0,2,0.1,Cash
1379,16.0,2026-03-29,36.0,2,0.15,Credit Card
1380,256.0,2024-10-29,70.0,1,0.25,Credit Card
1381,631.0,2025-01-05,36.0,1,0.15,Debit Card
1382,13.0,2024-11-10,16.0,2,0.2,PayPal
1383,184.0,2025-04-18,57.0,1,0.0,Bank Transfer
1384,38.0,2025-05-06,46.0,2,-0.1,Cash
1385,419.0,2025-08-16,8.0,0,0.15,Debit Card
1386,565.0,2024-03-06,41.0,1,0.15,PayPal
1387,266.0,2024-05-10,64.0,1,0.05,Cash
1388,633.0,2024-08-26,7.0,1,0.0,Cash
1389,701.0,2026-05-31,65.0,1,0.2,Credit Card
1390,567.0,2024-03-03,30.0,-1,0.15,PayPal
1391,17.0,2025-07-07,46.0,3,1.2,Cash
1392,359.0,2024-03-20,14.0,2,0.0,Debit Card
1393,80.0,2024-07-27,31.0,1,0.2,Bank Transfer
1394,74.0,2026-06-15,55.0,1,0.0,PayPal
1395,622.0,2024-12-09,47.0,-1,,PayPal
1396,482.0,2025-09-28,38.0,1,0.2,Credit Card
1397,298.0,2025-08-28,20.0,1,1.2,Cash
1398,321.0,2026-01-02,66.0,3,-0.1,Debit Card
1399,730.0,2024-08-08,45.0,1,1.2,Credit Card
1400,673.0,2025-01-25,20.0,3,,Credit Card
1401,80.0,2025-08-01,29.0,2,1.2,Debit Card
1402,752.0,2025-07-05,54.0,3,-0.1,Credit Card
1403,622.0,2025-11-06,61.0,2,0.35,PayPal
1404,276.0,2026-05-06,25.0,2,0.1,PayPal
1405,249.0,2024-08-24,47.0,2,0.0,Cash
1406,456.0,2025-01-05,53.0,1,-0.1,Debit Card
1407,79.0,2025-10-31,47.0,2,0.1,Bank Transfer
1408,429.0,2025-08-06,30.0,4,0.05,Debit Card
1409,251.0,2025-11-21,53.0,2,0.05,Debit Card
1410,267.0,2024-12-15,37.0,1,0.0,Bank Transfer
1411,432.0,2024-05-31,65.0,2,,Cash
1412,185.0,2024-01-16,59.0,1,0.25,PayPal
1413,784.0,2025-12-29,71.0,0,0.0,Cash
1414,35.0,2024-01-25,56.0,2,0.0,Cash
1415,528.0,2025-02-01,68.0,5,0.2,Cash
1416,412.0,2024-09-04,72.0,3,0.0,PayPal
1417,345.0,2025-09-15,76.0,2,0.0,Credit Card
1418,757.0,2025-04-04,46.0,5,,Bank Transfer
1419,759.0,2024-10-23,56.0,3,0.05,Cash
1420,742.0,2026-04-19,76.0,0,0.0,Cash
1421,8.0,2025-08-30,76.0,1,,Bank Transfer
1422,389.0,2025-03-25,42.0,1,1.2,PayPal
1423,792.0,2024-08-25,13.0,1,0.2,Credit Card
1424,578.0,2025-06-21,67.0,2,0.25,PayPal
1425,331.0,2024-11-22,50.0,3,0.05,Credit Card
1426,753.0,2025-03-16,27.0,2,1.2,Debit Card
1427,322.0,2024-12-21,13.0,1,0.0,PayPal
1428,281.0,2025-03-25,63.0,1,0.05,PayPal
1429,266.0,2026-02-10,78.0,1,0.1,PayPal
1430,145.0,2024-07-30,13.0,2,-0.1,Cash
1431,29.0,2024-02-10,77.0,-1,-0.1,Debit Card
1432,200.0,2025-05-15,1.0,4,0.0,PayPal
1433,209.0,2025-08-07,37.0,1,0.35,Debit Card
1434,130.0,2024-10-29,59.0,5,0.0,Bank Transfer
1435,443.0,2024-09-26,64.0,1,0.05,PayPal
1436,750.0,2024-12-28,15.0,3,0.1,Credit Card
1437,335.0,2025-06-03,21.0,1,0.35,Debit Card
1438,689.0,2025-12-24,10.0,2,0.0,Bank Transfer
1439,103.0,2024-11-21,67.0,1,-0.1,Credit Card
1440,650.0,2024-09-08,2.0,1,0.25,Cash
1441,690.0,2024-09-28,26.0,2,0.35,Cash
1442,752.0,2024-10-16,64.0,1,,Credit Card
1443,529.0,2024-01-04,28.0,1,0.35,Debit Card
1444,626.0,2025-12-28,27.0,1,0.25,PayPal
1445,629.0,2025-10-08,49.0,2,,PayPal
1446,496.0,2025-11-03,68.0,-1,0.15,Cash
1447,300.0,2025-05-16,63.0,3,0.25,Debit Card
1448,366.0,2025-05-07,70.0,1,0.1,Credit Card
1449,774.0,2025-03-05,37.0,-1,0.2,Cash
1450,679.0,2024-04-28,55.0,1,0.2,Credit Card
1451,356.0,2025-12-22,51.0,1,0.35,Bank Transfer
1452,616.0,2025-12-04,53.0,1,0.15,PayPal
1453,520.0,2026-05-21,28.0,3,0.0,Debit Card
1454,791.0,2024-09-24,42.0,2,0.25,Bank Transfer
1455,453.0,2025-02-12,55.0,1,0.0,PayPal
1456,498.0,2024-12-13,29.0,2,0.0,PayPal
1457,459.0,2024-08-14,53.0,2,0.05,Debit Card
1458,212.0,2025-09-20,15.0,2,0.05,Debit Card
1459,553.0,2026-01-09,3.0,1,0.25,Credit Card
1460,800.0,2024-12-27,43.0,3,-0.1,Credit Card
1461,671.0,2025-06-15,7.0,1,-0.1,Cash
1462,161.0,2025-02-09,69.0,4,0.1,PayPal
1463,166.0,2024-12-05,48.0,1,-0.1,Cash
1464,14.0,2026-05-15,,1,-0.1,Credit Card
1465,514.0,2026-03-21,51.0,2,0.05,PayPal
1466,309.0,2024-08-23,4.0,2,0.1,Credit Card
1467,279.0,2026-04-12,16.0,3,,Bank Transfer
1468,135.0,2026-06-01,35.0,1,0.0,Debit Card
1469,740.0,2024-01-21,54.0,1,-0.1,Debit Card
1470,156.0,2026-01-23,13.0,2,0.25,Cash
1471,621.0,2026-03-14,40.0,1,-0.1,Credit Card
1472,310.0,2025-04-14,36.0,1,0.15,Debit Card
1473,483.0,2024-10-25,49.0,1,0.1,Bank Transfer
1474,575.0,2025-05-09,36.0,1,-0.1,Debit Card
1475,251.0,2024-01-18,49.0,-2,0.25,PayPal
1476,782.0,2026-01-01,70.0,1,0.1,Debit Card
1477,26.0,2026-02-28,51.0,1,0.2,Bank Transfer
1478,577.0,2025-10-20,14.0,1,0.05,Credit Card
1479,98.0,2024-06-22,72.0,1,0.35,Debit Card
1480,256.0,2024-05-24,11.0,1,0.35,Debit Card
1481,741.0,2026-02-17,73.0,1,0.35,PayPal
1482,422.0,2026-01-28,40.0,1,0.05,Credit Card
1483,330.0,2025-09-05,73.0,1,0.0,PayPal
1484,707.0,2026-02-12,27.0,2,0.35,Debit Card
1485,512.0,2025-10-29,41.0,1,0.35,Bank Transfer
1486,527.0,2026-05-29,72.0,3,0.0,Credit Card
1487,436.0,2025-01-19,10.0,1,0.0,Cash
1488,533.0,2024-06-19,16.0,1,0.0,Credit Card
1489,435.0,2024-06-23,64.0,2,-0.1,Bank Transfer
1490,144.0,2025-03-04,71.0,1,0.15,Credit Card
1491,446.0,2026-01-07,38.0,5,,PayPal
1492,536.0,2025-09-21,42.0,4,1.2,Cash
1493,145.0,2025-06-19,38.0,2,1.2,PayPal
1494,532.0,2024-09-14,78.0,2,0.1,PayPal
1495,765.0,2024-06-17,18.0,2,0.35,Credit Card
1496,326.0,2024-07-02,54.0,1,0.0,Credit Card
1497,320.0,2024-07-23,25.0,2,-0.1,Bank Transfer
1498,339.0,2024-03-03,13.0,2,1.2,Cash
1499,69.0,2025-10-13,45.0,2,0.1,PayPal
1500,644.0,2024-07-16,2.0,1,0.25,Debit Card
1501,747.0,2025-01-11,40.0,2,0.25,PayPal
1502,575.0,2025-10-18,70.0,2,0.0,Debit Card
1503,157.0,2026-01-18,,1,0.05,PayPal
1504,578.0,2024-05-09,14.0,3,1.2,Bank Transfer
1505,339.0,2026-03-01,74.0,4,1.2,PayPal
1506,755.0,2025-11-15,79.0,5,0.1,Cash
1507,3.0,2024-08-09,30.0,1,1.2,Cash
1508,147.0,2025-05-01,22.0,4,0.2,Credit Card
1509,54.0,2025-06-07,18.0,3,0.25,Bank Transfer
1510,335.0,2025-05-27,39.0,3,0.1,Debit Card
1511,403.0,2026-03-03,49.0,1,0.35,PayPal
1512,320.0,2024-11-20,67.0,2,1.2,Cash
1513,171.0,2025-12-29,36.0,1,0.25,Debit Card
1514,453.0,2025-12-12,63.0,3,,Credit Card
1515,572.0,2025-10-29,56.0,1,0.0,PayPal
1516,478.0,2026-01-15,45.0,1,1.2,Debit Card
1517,196.0,2025-01-18,49.0,1,0.0,Cash
1518,453.0,2025-15-01,47.0,1,1.2,PayPal
1519,337.0,2025-01-12,13.0,5,-0.1,Credit Card
1520,622.0,2024-02-04,35.0,2,,Bank Transfer
1521,408.0,2025-12-13,6.0,3,0.15,Credit Card
1522,586.0,2026-06-02,4.0,3,0.35,Debit Card
1523,648.0,2025-05-17,59.0,1,,Debit Card
1524,107.0,2025-01-13,5.0,1,0.05,Cash
1525,135.0,2025-03-05,11.0,4,0.0,Credit Card
1526,455.0,2024-11-17,8.0,1,-0.1,PayPal
1527,199.0,2026-01-25,79.0,1,,PayPal
1528,727.0,2025-08-23,22.0,3,0.2,Debit Card
1529,15.0,2025-03-02,52.0,4,,Credit Card
1530,67.0,2026-04-24,25.0,3,0.05,PayPal
1531,86.0,2025-03-30,23.0,1,1.2,Cash
1532,706.0,2025-02-23,65.0,1,0.0,PayPal
1533,281.0,2024-12-25,72.0,1,0.35,Debit Card
1534,714.0,2025-08-02,12.0,0,0.0,Credit Card
1535,93.0,2026-01-17,24.0,1,0.2,Debit Card
1536,642.0,2026-02-24,3.0,1,0.0,Cash
1537,654.0,2025-04-16,48.0,1,0.1,PayPal
1538,698.0,2026-02-04,25.0,3,0.05,PayPal
1539,55.0,2025-12-23,49.0,1,0.15,Cash
1540,579.0,2025-02-27,41.0,1,0.1,PayPal
1541,205.0,2024-10-29,23.0,1,0.35,PayPal
1542,95.0,2024-12-29,63.0,2,0.2,Debit Card
1543,461.0,2024-02-07,22.0,0,1.2,Bank Transfer
1544,160.0,2025-08-05,69.0,1,0.25,PayPal
1545,662.0,2024-07-31,37.0,1,-0.1,Debit Card
1546,761.0,2024-04-02,35.0,2,0.1,PayPal
1547,224.0,2024-09-24,60.0,1,0.0,Debit Card
1548,675.0,2025-05-01,24.0,1,1.2,PayPal
1549,382.0,2025-01-21,73.0,2,0.0,PayPal
1550,719.0,2025-10-06,14.0,1,0.0,Cash
1551,432.0,2024-12-08,61.0,1,0.0,Cash
1552,367.0,2024-06-15,40.0,2,0.05,Credit Card
1553,450.0,2025-04-12,79.0,2,0.25,Bank Transfer
1554,485.0,2024-09-15,32.0,3,1.2,PayPal
1555,495.0,2024-11-03,52.0,1,0.1,Debit Card
1556,111.0,2025-03-12,54.0,3,1.2,Bank Transfer
1557,608.0,2024-06-16,4.0,2,0.15,Debit Card
1558,715.0,2024-07-22,68.0,-1,1.2,Cash
1559,134.0,2026-03-18,43.0,-1,0.0,PayPal
1560,785.0,2026-03-31,19.0,1,0.25,Cash
1561,472.0,2025-11-05,1.0,1,0.05,PayPal
1562,315.0,2024-07-08,11.0,1,0.1,Bank Transfer
1563,93.0,2024-06-06,32.0,2,0.2,Credit Card
1564,489.0,2024-12-18,21.0,1,-0.1,Bank Transfer
1565,716.0,2025-04-28,28.0,2,0.35,Cash
1566,782.0,2025-01-31,13.0,1,0.05,Bank Transfer
1567,792.0,2024-10-16,42.0,3,0.25,Debit Card
1568,404.0,2024-03-14,69.0,1,,Debit Card
1569,28.0,2025-09-15,29.0,1,0.1,PayPal
1570,371.0,2025-05-28,44.0,4,1.2,Debit Card
1571,770.0,2024-03-20,51.0,2,0.05,Bank Transfer
1572,193.0,2024-08-04,6.0,1,0.0,PayPal
1573,394.0,2025-03-11,24.0,1,0.15,Bank Transfer
1574,692.0,2024-02-05,62.0,1,0.25,Cash
1575,168.0,2025-11-29,51.0,2,0.0,Bank Transfer
1576,85.0,2025-12-03,45.0,3,,Bank Transfer
1577,13.0,2024-11-22,21.0,1,-0.1,Bank Transfer
1578,703.0,2024-01-12,59.0,2,,Bank Transfer
1579,433.0,2024-11-06,7.0,1,,Credit Card
1580,619.0,2025-05-29,58.0,1,0.35,PayPal
1581,548.0,2024-04-24,47.0,3,0.25,Debit Card
1582,778.0,2026-06-10,50.0,2,0.05,Credit Card
1583,346.0,2024-09-21,76.0,1,1.2,Bank Transfer
1584,446.0,2025-04-20,7.0,1,0.0,Bank Transfer
1585,472.0,2024-02-21,47.0,4,,PayPal
1586,259.0,2024-12-11,55.0,2,0.0,Debit Card
1587,274.0,2024-10-27,23.0,1,0.0,Bank Transfer
1588,333.0,2025-10-13,39.0,1,0.0,PayPal
1589,750.0,2025-06-28,5.0,3,0.1,Cash
1590,87.0,2024-04-06,69.0,1,0.05,Bank Transfer
1591,442.0,2024-12-19,36.0,-1,1.2,Cash
1592,751.0,2025-08-05,68.0,2,0.0,PayPal
1593,382.0,2024-05-30,5.0,2,,Credit Card
1594,392.0,2026-01-12,66.0,1,,PayPal
1595,433.0,2024-01-23,52.0,1,0.15,Credit Card
1596,444.0,2026-03-23,15.0,1,0.15,PayPal
1597,631.0,2025-07-06,66.0,4,0.1,Credit Card
1598,384.0,2025-04-29,74.0,1,0.25,PayPal
1599,765.0,2024-10-10,24.0,2,0.0,Debit Card
1600,409.0,2025-11-25,24.0,1,0.0,Bank Transfer
1601,,2026-03-11,3.0,1,0.05,PayPal
1602,274.0,2025-09-05,60.0,3,,PayPal
1603,100.0,2024-08-18,29.0,1,0.2,Cash
1604,66.0,2024-10-21,79.0,3,1.2,Bank Transfer
1605,603.0,2025-10-12,54.0,2,-0.1,Bank Transfer
1606,488.0,2024-01-13,72.0,1,0.2,PayPal
1607,456.0,2025-04-18,20.0,4,0.35,Cash
1608,546.0,2025-11-20,22.0,1,0.25,Credit Card
1609,677.0,2024-03-21,74.0,2,-0.1,PayPal
1610,86.0,2026-02-04,27.0,-2,0.2,PayPal
1611,299.0,2025-04-07,41.0,2,0.0,Cash
1612,640.0,2024-06-19,75.0,2,1.2,Bank Transfer
1613,426.0,2026-02-08,3.0,-1,-0.1,Bank Transfer
1614,241.0,2025-07-04,49.0,1,1.2,Credit Card
1615,100.0,2024-08-11,51.0,1,0.0,Debit Card
1616,297.0,2026-06-04,23.0,1,0.25,Debit Card
1617,419.0,2026-02-08,46.0,1,1.2,PayPal
1618,328.0,2025-10-07,47.0,1,,PayPal
1619,515.0,2025-06-29,69.0,1,0.25,Bank Transfer
1620,775.0,2024-10-20,60.0,4,0.35,Cash
1621,182.0,2024-10-22,52.0,1,0.2,Bank Transfer
1622,672.0,2025-11-30,23.0,5,0.25,Debit Card
1623,669.0,2025-03-04,54.0,1,,Credit Card
1624,634.0,2024-05-21,29.0,2,-0.1,Credit Card
1625,614.0,2026-01-19,74.0,1,0.0,PayPal
1626,625.0,2024-06-19,32.0,2,0.35,Credit Card
1627,380.0,2026-01-30,3.0,2,,Bank Transfer
1628,566.0,2026-06-03,66.0,1,0.05,Bank Transfer
1629,378.0,2024-06-28,31.0,2,0.1,PayPal
1630,136.0,2024-03-07,38.0,5,0.1,Debit Card
1631,473.0,2024-09-07,59.0,2,0.35,Cash
1632,182.0,2025-05-27,60.0,2,1.2,PayPal
1633,164.0,2025-04-18,32.0,3,0.0,Credit Card
1634,767.0,2025-11-29,5.0,2,-0.1,Bank Transfer
1635,395.0,2026-03-12,10.0,1,0.15,Debit Card
1636,124.0,2025-10-24,78.0,-2,0.0,Bank Transfer
1637,493.0,2024-10-26,8.0,3,0.0,PayPal
1638,410.0,2025-10-06,66.0,2,0.25,Credit Card
1639,107.0,2026-05-17,19.0,1,1.2,Credit Card
1640,740.0,2025-01-10,22.0,1,0.2,Cash
1641,249.0,2024-08-03,62.0,1,0.2,Credit Card
1642,470.0,2026-02-09,63.0,1,0.15,PayPal
1643,303.0,2024-12-04,57.0,3,0.15,Debit Card
1644,282.0,2024-02-06,77.0,3,0.05,Debit Card
1645,296.0,2024-08-14,4.0,4,1.2,PayPal
1646,731.0,2024-11-10,38.0,0,0.05,Debit Card
1647,650.0,2025-05-01,40.0,3,,PayPal
1648,159.0,2024-05-30,17.0,2,0.25,PayPal
1649,653.0,2024-01-29,30.0,4,1.2,PayPal
1650,152.0,2024-01-13,75.0,1,-0.1,Debit Card
1651,416.0,2025-09-25,62.0,5,0.2,Cash
1652,602.0,2024-11-17,65.0,2,0.25,Bank Transfer
1653,664.0,2026-06-10,22.0,2,0.05,Bank Transfer
1654,389.0,2025-11-15,2.0,0,0.2,Cash
1655,317.0,2024-08-17,27.0,1,1.2,Credit Card
1656,666.0,2024-12-31,26.0,2,1.2,Credit Card
1657,765.0,2024-08-21,68.0,3,0.2,Credit Card
1658,409.0,2024-12-03,13.0,2,0.15,Debit Card
1659,548.0,2026-06-12,69.0,1,0.0,Bank Transfer
1660,581.0,2024-09-10,67.0,1,0.05,Cash
1661,234.0,2024-06-30,59.0,1,1.2,PayPal
1662,566.0,2024-04-03,36.0,3,0.0,Cash
1663,536.0,,39.0,1,0.1,Debit Card
1664,780.0,2025-05-03,75.0,2,-0.1,Credit Card
1665,327.0,2024-07-20,10.0,2,0.35,Credit Card
1666,488.0,2024-04-12,26.0,2,0.1,Debit Card
1667,499.0,2025-08-05,39.0,1,0.25,Credit Card
1668,738.0,2026-03-07,57.0,2,1.2,Debit Card
1669,774.0,2024-01-01,59.0,1,0.25,Debit Card
1670,278.0,2025-10-08,64.0,1,-0.1,Bank Transfer
1671,527.0,2025-10-22,37.0,1,-0.1,Cash
1672,350.0,2025-11-25,36.0,2,0.15,Bank Transfer
1673,115.0,2025-05-14,24.0,1,-0.1,Bank Transfer
1674,508.0,2024-07-02,21.0,1,0.25,PayPal
1675,97.0,2024-12-16,57.0,2,-0.1,Cash
1676,199.0,2026-02-20,14.0,1,0.15,Debit Card
1677,313.0,2026-02-23,41.0,2,0.0,PayPal
1678,625.0,2025-08-07,27.0,2,0.2,Cash
1679,197.0,2026-03-15,51.0,1,0.05,Debit Card
1680,679.0,2024-11-29,21.0,-1,0.35,Debit Card
1681,427.0,2024-08-22,35.0,0,0.35,PayPal
1682,380.0,2024-11-09,19.0,1,0.2,PayPal
1683,461.0,2025-03-11,40.0,2,0.25,Credit Card
1684,781.0,2024-02-26,52.0,-1,0.2,Cash
1685,468.0,2024-01-20,36.0,3,0.1,Cash
1686,678.0,2024-10-28,33.0,4,0.0,PayPal
1687,438.0,2024-11-29,49.0,2,0.1,Cash
1688,633.0,2025-03-26,65.0,4,0.0,Credit Card
1689,249.0,2024-11-29,21.0,3,1.2,Bank Transfer
1690,48.0,2025-12-05,50.0,-1,0.35,Cash
1691,287.0,2025-08-23,78.0,1,0.0,Credit Card
1692,655.0,2024-10-09,44.0,2,0.35,PayPal
1693,114.0,2024-05-17,61.0,4,0.0,PayPal
1694,794.0,2026-04-24,53.0,1,0.05,Debit Card
1695,307.0,2024-07-23,74.0,2,0.35,Cash
1696,336.0,2025-07-13,74.0,3,0.15,Debit Card
1697,544.0,invalid_date,38.0,1,0.0,PayPal
1698,370.0,2026-02-04,58.0,4,0.05,PayPal
1699,480.0,2025-04-16,30.0,1,0.1,PayPal
1700,262.0,2026-02-04,78.0,0,0.05,Credit Card
1701,658.0,2025-03-13,53.0,1,0.35,Credit Card
1702,542.0,2025-06-08,8.0,1,1.2,Bank Transfer
1703,33.0,2026-06-13,65.0,3,-0.1,Bank Transfer
1704,290.0,2024-12-07,74.0,2,0.0,Debit Card
1705,95.0,2026-03-10,72.0,1,0.05,Debit Card
1706,90.0,2025-04-24,74.0,2,0.1,Credit Card
1707,786.0,2026-04-17,56.0,1,0.35,Cash
1708,667.0,2024-03-15,43.0,1,1.2,PayPal
1709,465.0,2026-03-10,68.0,2,0.25,Credit Card
1710,412.0,2024-10-27,74.0,1,0.25,Credit Card
1711,9.0,2024-11-26,29.0,1,0.15,Cash
1712,599.0,2025-06-29,42.0,2,,Cash
1713,789.0,2024-12-29,74.0,5,1.2,Cash
1714,194.0,2024-07-30,19.0,1,0.0,Credit Card
1715,547.0,2026-05-14,78.0,1,0.05,Debit Card
1716,357.0,2024-12-01,9.0,4,0.1,Cash
1717,207.0,2024-06-16,39.0,1,0.15,Cash
1718,223.0,2024-01-28,46.0,1,0.35,Credit Card
1719,385.0,2025-03-30,4.0,4,0.1,Bank Transfer
1720,51.0,2025-03-25,58.0,1,0.1,Bank Transfer
1721,605.0,2024-04-05,16.0,-1,-0.1,Debit Card
1722,742.0,2024-05-04,67.0,1,0.1,Credit Card
1723,501.0,2025-01-01,78.0,3,0.2,Bank Transfer
1724,196.0,2024-04-02,27.0,3,0.2,Bank Transfer
1725,262.0,2024-04-24,66.0,0,0.0,Credit Card
1726,390.0,2025-02-13,54.0,-1,0.0,PayPal
1727,370.0,2026-05-06,40.0,1,,PayPal
1728,235.0,2025-10-28,11.0,2,0.25,Bank Transfer
1729,17.0,2026-01-17,36.0,2,0.2,Credit Card
1730,145.0,2024-06-30,32.0,2,0.05,Debit Card
1731,160.0,2025-12-12,18.0,2,0.0,Credit Card
1732,611.0,2026-06-06,27.0,3,0.15,PayPal
1733,633.0,2026-04-23,54.0,1,0.05,Cash
1734,532.0,2026-01-29,20.0,3,,Cash
1735,374.0,2026-03-16,15.0,1,0.35,Cash
1736,314.0,2025-10-02,52.0,1,0.15,Debit Card
1737,329.0,2026-03-13,4.0,1,0.0,Bank Transfer
1738,36.0,2025-02-21,19.0,1,0.25,Debit Card
1739,740.0,2024-06-22,68.0,1,0.0,PayPal
1740,229.0,2025-03-05,12.0,-2,0.0,Bank Transfer
1741,476.0,2026-05-26,54.0,5,0.35,Cash
1742,618.0,2024-11-14,1.0,2,0.15,Cash
1743,331.0,2025-01-09,70.0,-1,,Credit Card
1744,490.0,2026-02-05,64.0,4,1.2,Cash
1745,129.0,2025-06-11,29.0,1,0.05,Cash
1746,676.0,2026-01-31,11.0,1,0.25,PayPal
1747,630.0,2024-09-12,14.0,1,0.05,PayPal
1748,337.0,2025-11-15,60.0,2,-0.1,Debit Card
1749,274.0,2024-12-01,17.0,1,,Cash
1750,594.0,2026-02-04,5.0,5,0.25,Credit Card
1751,203.0,2024-01-15,24.0,1,0.0,Cash
1752,166.0,2024-11-26,51.0,1,0.35,Bank Transfer
1753,353.0,2025-10-05,25.0,4,1.2,Bank Transfer
1754,463.0,2025-04-09,28.0,2,-0.1,Bank Transfer
1755,121.0,2025-11-02,36.0,3,0.2,PayPal
1756,191.0,2024-12-15,,3,0.35,Debit Card
1757,468.0,2025-11-15,13.0,4,-0.1,PayPal
1758,65.0,2025-03-12,47.0,2,-0.1,Cash
1759,97.0,2025-04-13,30.0,4,0.0,Debit Card
1760,730.0,2024-05-09,38.0,4,0.15,Bank Transfer
1761,447.0,2024-03-25,71.0,-1,-0.1,Cash
1762,408.0,2024-07-18,66.0,1,,Cash
1763,795.0,2024-07-22,3.0,3,0.2,Debit Card
1764,616.0,2025-07-30,20.0,4,-0.1,Credit Card
1765,546.0,2025-07-06,47.0,1,-0.1,Cash
1766,384.0,2024-04-12,21.0,2,,Debit Card
1767,232.0,2025-07-07,20.0,0,1.2,Bank Transfer
1768,208.0,2024-02-20,36.0,-1,0.25,PayPal
1769,400.0,2025-03-07,67.0,5,0.35,PayPal
1770,140.0,2024-01-01,39.0,1,-0.1,PayPal
1771,214.0,,79.0,-1,0.0,Bank Transfer
1772,144.0,2025-05-07,19.0,4,0.1,Bank Transfer
1773,164.0,2025-02-04,54.0,2,0.1,PayPal
1774,73.0,2024-10-09,29.0,1,0.25,Credit Card
1775,744.0,2025-11-19,75.0,1,0.35,Cash
1776,689.0,2026-02-17,36.0,1,,Credit Card
1777,534.0,2025-06-20,40.0,1,,Debit Card
1778,483.0,2025-11-07,30.0,1,0.0,Debit Card
1779,761.0,2025-04-10,79.0,1,0.2,PayPal
1780,42.0,2026-05-08,49.0,5,0.0,Bank Transfer
1781,437.0,2024-06-21,75.0,4,0.35,PayPal
1782,231.0,2024-04-15,67.0,1,1.2,Debit Card
1783,372.0,2026-06-09,31.0,4,0.35,Bank Transfer
1784,432.0,2025-10-15,8.0,1,0.15,PayPal
1785,258.0,2025-15-01,66.0,1,0.15,PayPal
1786,86.0,2024-04-13,2.0,3,0.35,Cash
1787,600.0,2024-08-14,64.0,2,,PayPal
1788,107.0,2025-07-28,63.0,2,1.2,Bank Transfer
1789,622.0,2026-06-10,67.0,5,0.25,Credit Card
1790,617.0,2025-08-27,14.0,4,,Credit Card
1791,590.0,2024-04-30,13.0,-1,0.1,PayPal
1792,595.0,2025-03-07,78.0,3,0.0,PayPal
1793,663.0,2026-05-22,57.0,2,-0.1,Credit Card
1794,409.0,2025-11-16,56.0,5,0.1,Debit Card
1795,186.0,2025-10-07,4.0,0,0.0,PayPal
1796,423.0,2026-01-16,4.0,2,0.15,PayPal
1797,700.0,2024-12-26,45.0,-1,0.1,PayPal
1798,457.0,2024-11-28,7.0,2,,PayPal
1799,788.0,2024-08-02,21.0,2,-0.1,PayPal
1800,759.0,2026-02-10,52.0,1,0.05,Bank Transfer
1801,92.0,2024-12-26,43.0,2,0.1,PayPal
1802,314.0,2026-01-09,13.0,1,0.25,PayPal
1803,637.0,2025-10-16,64.0,1,0.25,Cash
1804,272.0,2024-12-25,63.0,1,0.35,PayPal
1805,773.0,2024-06-21,21.0,1,0.0,Cash
1806,596.0,2025-06-02,40.0,3,-0.1,PayPal
1807,775.0,2025-07-05,72.0,1,1.2,Credit Card
1808,204.0,2024-04-02,12.0,3,,Bank Transfer
1809,270.0,2026-01-03,19.0,1,0.2,Bank Transfer
1810,137.0,2024-04-16,50.0,4,0.15,Debit Card
1811,584.0,2024-11-27,11.0,-2,0.35,Credit Card
1812,252.0,2024-06-07,71.0,2,0.15,Credit Card
1813,507.0,2026-05-03,29.0,2,0.1,Cash
1814,232.0,2025-10-25,57.0,3,0.05,Credit Card
1815,304.0,2024-01-22,32.0,4,0.35,Bank Transfer
1816,425.0,2025-07-18,72.0,-2,0.1,Bank Transfer
1817,191.0,2025-08-17,67.0,1,1.2,Bank Transfer
1818,765.0,2025-12-24,34.0,3,0.2,PayPal
1819,442.0,2025-01-08,48.0,5,0.1,PayPal
1820,554.0,2024-03-19,46.0,-1,0.05,PayPal
1821,720.0,2026-03-25,32.0,2,0.05,Credit Card
1822,520.0,2025-07-02,61.0,1,1.2,Cash
1823,738.0,2026-01-04,45.0,3,-0.1,Cash
1824,477.0,2025-08-11,35.0,4,0.35,Debit Card
1825,449.0,2025-08-28,64.0,1,0.05,Credit Card
1826,574.0,2025-07-26,58.0,2,0.2,Bank Transfer
1827,724.0,2024-03-06,19.0,2,0.0,PayPal
1828,584.0,2026-01-15,33.0,1,1.2,Bank Transfer
1829,442.0,2025-02-09,18.0,1,0.35,PayPal
1830,552.0,2024-12-04,39.0,1,-0.1,Bank Transfer
1831,148.0,2025-11-28,70.0,2,0.0,Debit Card
1832,55.0,2025-08-24,46.0,1,0.0,Debit Card
1833,66.0,2025-02-27,68.0,3,0.1,Cash
1834,616.0,2026-05-05,23.0,1,,Bank Transfer
1835,747.0,2024-12-05,16.0,1,0.25,Debit Card
1836,718.0,2026-04-04,50.0,1,0.35,Cash
1837,352.0,2024-04-08,24.0,1,0.05,Bank Transfer
1838,259.0,2024-04-02,64.0,1,0.25,Cash
1839,233.0,2025-10-24,45.0,2,0.2,Bank Transfer
1840,770.0,2025-06-20,13.0,1,1.2,Credit Card
1841,571.0,2025-11-30,8.0,1,0.05,Credit Card
1842,542.0,2024-01-05,2.0,1,0.15,Credit Card
1843,582.0,2025-01-18,73.0,4,0.05,Cash
1844,652.0,2025-05-25,80.0,1,0.1,PayPal
1845,100.0,2025-09-06,20.0,1,0.05,Bank Transfer
1846,724.0,2025-06-03,23.0,1,0.35,Credit Card
1847,638.0,2025-07-04,5.0,4,0.0,PayPal
1848,299.0,2024-12-23,14.0,2,1.2,Debit Card
1849,172.0,2025-05-24,13.0,1,0.05,Debit Card
1850,346.0,2025-11-05,59.0,2,0.25,Bank Transfer
1851,120.0,2024-03-08,71.0,1,0.2,Cash
1852,246.0,2024-07-11,63.0,3,0.0,PayPal
1853,61.0,2026-04-10,62.0,4,,Debit Card
1854,102.0,2024-04-03,67.0,2,0.2,Debit Card
1855,577.0,2025-12-20,74.0,2,0.25,Debit Card
1856,659.0,2024-10-16,26.0,1,0.35,Cash
1857,300.0,2025-02-17,55.0,1,0.0,Bank Transfer
1858,25.0,2024-04-16,63.0,1,0.35,Debit Card
1859,399.0,2025-05-24,40.0,-2,0.15,Credit Card
1860,541.0,2024-07-11,6.0,0,0.15,Debit Card
1861,766.0,2025-07-09,74.0,1,0.2,Credit Card
1862,548.0,2024-02-18,4.0,-1,0.25,Cash
1863,361.0,2024-02-23,69.0,4,,Bank Transfer
1864,757.0,2025-06-20,66.0,4,-0.1,PayPal
1865,698.0,2024-08-07,6.0,1,0.05,Cash
1866,730.0,2024-03-15,41.0,3,0.35,Cash
1867,585.0,2024-01-16,79.0,1,0.25,Cash
1868,706.0,2024-10-24,15.0,1,0.1,PayPal
1869,182.0,2026-04-26,50.0,1,0.25,Credit Card
1870,160.0,2025-09-05,19.0,1,,PayPal
1871,433.0,2025-12-28,74.0,4,,PayPal
1872,210.0,2025-02-23,35.0,2,0.25,Bank Transfer
1873,387.0,2026-05-12,36.0,5,0.35,PayPal
1874,615.0,2025-10-03,2.0,2,0.0,Bank Transfer
1875,132.0,2024-03-13,29.0,2,0.0,Cash
1876,501.0,2024-07-06,9.0,2,0.05,PayPal
1877,698.0,2024-10-18,51.0,2,0.15,Debit Card
1878,268.0,2026-02-18,14.0,1,0.1,Credit Card
1879,569.0,2024-07-24,64.0,1,0.0,Bank Transfer
1880,491.0,2024-04-24,14.0,1,0.25,Cash
1881,86.0,2024-09-04,9.0,1,0.2,Bank Transfer
1882,757.0,2025-03-28,19.0,2,0.0,Debit Card
1883,786.0,2026-02-25,25.0,1,0.2,Credit Card
1884,583.0,2024-06-05,2.0,1,0.15,Cash
1885,359.0,2024-07-24,60.0,5,0.0,Bank Transfer
1886,390.0,2024-10-25,20.0,2,0.1,Cash
1887,643.0,2024-12-09,25.0,2,0.35,Credit Card
1888,452.0,2026-05-13,9.0,1,-0.1,PayPal
1889,571.0,2024-05-26,21.0,2,0.2,Credit Card
1890,115.0,2025-02-23,9.0,2,0.0,Debit Card
1891,738.0,2026-01-11,22.0,0,0.2,Credit Card
1892,147.0,2025-12-01,14.0,1,0.25,Credit Card
1893,577.0,2026-04-13,8.0,1,1.2,Credit Card
1894,230.0,2025-07-31,5.0,2,0.0,Bank Transfer
1895,586.0,2024-10-16,50.0,2,0.25,Bank Transfer
1896,767.0,2025-11-30,31.0,2,0.15,PayPal
1897,652.0,2025-05-05,59.0,5,0.05,Bank Transfer
1898,550.0,2024-08-17,47.0,1,,Cash
1899,398.0,2024-06-13,33.0,1,0.0,Bank Transfer
1900,308.0,2024-02-13,19.0,2,-0.1,Cash
1901,412.0,2026-05-10,17.0,2,0.1,Bank Transfer
1902,432.0,2025-04-16,54.0,3,0.35,Bank Transfer
1903,475.0,2024-12-11,47.0,1,0.25,Cash
1904,741.0,2024-07-29,68.0,1,0.1,Debit Card
1905,200.0,2025-01-07,80.0,5,-0.1,Bank Transfer
1906,384.0,2024-08-06,40.0,1,0.35,Credit Card
1907,556.0,2024-11-03,58.0,5,1.2,Bank Transfer
1908,53.0,2024-08-10,26.0,1,0.05,Bank Transfer
1909,530.0,2024-07-03,56.0,0,0.0,Cash
1910,396.0,2025-11-14,73.0,1,,Debit Card
1911,788.0,2025-10-18,20.0,1,0.1,Cash
1912,422.0,2025-04-24,41.0,1,0.05,Bank Transfer
1913,324.0,2026-02-20,79.0,2,,Credit Card
1914,693.0,2026-03-16,13.0,1,0.0,Credit Card
1915,55.0,2026-05-23,43.0,1,0.2,Cash
1916,762.0,2024-08-06,20.0,1,0.0,PayPal
1917,639.0,2025-08-20,41.0,5,0.35,Bank Transfer
1918,347.0,2024-10-23,23.0,1,-0.1,Cash
1919,156.0,2025-03-01,21.0,1,1.2,Bank Transfer
1920,163.0,2025-07-19,72.0,2,0.15,Cash
1921,117.0,2025-03-31,19.0,1,0.0,Cash
1922,391.0,2025-01-23,61.0,2,0.0,Debit Card
1923,705.0,2025-03-27,47.0,2,0.05,Bank Transfer
1924,21.0,2025-11-18,63.0,2,0.2,Credit Card
1925,379.0,2024-06-30,9.0,1,0.15,Bank Transfer
1926,154.0,2026-03-20,15.0,-1,0.1,PayPal
1927,300.0,2024-12-29,11.0,2,0.35,Credit Card
1928,637.0,2025-03-03,76.0,-2,0.2,PayPal
1929,197.0,2024-10-13,66.0,-2,0.0,Bank Transfer
1930,327.0,2024-02-23,22.0,2,0.15,PayPal
1931,460.0,2024-12-11,,1,,Bank Transfer
1932,676.0,2024-12-06,11.0,2,0.05,Debit Card
1933,11.0,2024-01-20,74.0,1,0.1,Bank Transfer
1934,390.0,2024-02-06,50.0,2,0.15,Bank Transfer
1935,344.0,2026-04-02,47.0,2,0.25,Bank Transfer
1936,725.0,2024-05-15,44.0,0,0.15,Debit Card
1937,198.0,2024-10-15,63.0,1,0.35,Credit Card
1938,683.0,2026-06-01,41.0,2,0.0,Credit Card
1939,132.0,2025-15-01,14.0,1,0.2,Credit Card
1940,158.0,2026-03-31,74.0,1,0.0,Credit Card
1941,10.0,2026-01-24,2.0,3,1.2,Credit Card
1942,160.0,2025-10-03,75.0,-1,0.35,PayPal
1943,681.0,2025-09-19,14.0,1,0.05,Cash
1944,764.0,2024-07-09,11.0,1,0.0,Credit Card
1945,444.0,2024-08-03,30.0,1,0.0,Bank Transfer
1946,329.0,2024-07-16,68.0,2,0.1,Bank Transfer
1947,620.0,2025-04-25,24.0,1,,Debit Card
1948,63.0,2024-07-08,57.0,2,0.0,Cash
1949,203.0,2024-05-27,34.0,4,1.2,Cash
1950,717.0,2025-12-20,16.0,3,0.1,Cash
1951,330.0,2024-06-15,30.0,1,1.2,PayPal
1952,616.0,2025-06-02,53.0,2,0.1,Bank Transfer
1953,257.0,2026-01-23,45.0,1,0.0,PayPal
1954,289.0,2024-03-07,21.0,1,0.35,PayPal
1955,751.0,2025-09-26,8.0,3,0.25,Credit Card
1956,691.0,2024-01-13,58.0,-1,,Credit Card
1957,327.0,2026-02-28,76.0,5,0.2,Debit Card
1958,695.0,2025-08-05,9.0,1,0.2,Bank Transfer
1959,367.0,2025-01-14,62.0,2,0.35,PayPal
1960,560.0,2024-08-21,25.0,2,0.0,PayPal
1961,420.0,2025-04-17,60.0,1,0.25,Bank Transfer
1962,476.0,2024-06-05,58.0,1,0.25,Bank Transfer
1963,26.0,2026-03-18,18.0,1,,Cash
1964,410.0,2024-01-15,47.0,1,,Cash
1965,155.0,2024-07-07,76.0,1,0.0,Bank Transfer
1966,484.0,2024-10-04,20.0,1,0.0,Bank Transfer
1967,402.0,2024-11-06,21.0,4,-0.1,PayPal
1968,234.0,2025-05-13,25.0,2,0.35,Bank Transfer
1969,446.0,2025-05-14,21.0,-1,0.0,PayPal
1970,109.0,2024-11-27,9.0,3,1.2,PayPal
1971,145.0,2025-06-15,31.0,0,0.1,Bank Transfer
1972,503.0,2024-11-11,2.0,2,0.2,PayPal
1973,701.0,2025-03-15,80.0,2,1.2,Cash
1974,543.0,2024-12-15,37.0,3,0.05,PayPal
1975,579.0,2024-03-05,61.0,1,0.2,Bank Transfer
1976,253.0,2024-11-30,27.0,2,0.2,Bank Transfer
1977,288.0,2024-12-14,72.0,2,0.2,Cash
1978,131.0,2026-03-11,42.0,2,0.1,Debit Card
1979,625.0,2026-04-12,31.0,3,0.35,Debit Card
1980,482.0,2024-11-16,3.0,2,0.0,Bank Transfer
1981,769.0,2025-09-30,19.0,1,-0.1,Bank Transfer
1982,474.0,2026-01-15,78.0,1,0.35,Bank Transfer
1983,797.0,2026-03-21,25.0,3,0.05,PayPal
1984,797.0,2025-04-30,8.0,1,,Credit Card
1985,336.0,2026-04-24,46.0,2,-0.1,Cash
1986,280.0,2025-05-11,41.0,-2,1.2,Debit Card
1987,205.0,2025-09-03,25.0,2,0.15,Credit Card
1988,754.0,2025-06-20,25.0,3,0.15,Cash
1989,386.0,2025-12-18,55.0,3,0.0,PayPal
1990,268.0,2024-05-27,27.0,1,0.0,Bank Transfer
1991,81.0,2025-04-21,48.0,3,0.05,Bank Transfer
1992,641.0,2025-07-22,49.0,1,0.35,PayPal
1993,111.0,2024-02-30,36.0,1,1.2,Bank Transfer
1994,292.0,2025-08-23,21.0,1,0.0,Credit Card
1995,54.0,2025-07-19,42.0,2,0.05,PayPal
1996,738.0,2025-07-17,49.0,1,0.25,PayPal
1997,406.0,2024-11-30,23.0,2,0.0,PayPal
1998,332.0,2026-02-13,73.0,2,-0.1,Credit Card
1999,741.0,2025-05-23,17.0,1,0.0,Cash
2000,156.0,2025-06-19,14.0,1,0.1,Credit Card
2001,773.0,2024-12-31,47.0,1,0.25,PayPal
2002,769.0,2025-05-19,9.0,1,0.0,Debit Card
2003,427.0,2025-12-12,51.0,1,0.0,Cash
2004,460.0,2024-04-28,21.0,3,0.15,Cash
2005,246.0,2025-10-22,8.0,2,0.0,Credit Card
2006,659.0,2025-05-05,29.0,1,0.1,Cash
2007,157.0,2025-05-27,18.0,1,0.25,Bank Transfer
2008,20.0,2026-02-22,66.0,1,0.0,Bank Transfer
2009,,2024-02-11,9.0,1,0.0,Cash
2010,236.0,2025-05-18,75.0,1,0.0,Debit Card
2011,377.0,2026-04-28,66.0,1,0.1,Cash
2012,550.0,2025-10-04,1.0,3,0.15,PayPal
2013,570.0,2025-06-07,48.0,1,0.1,Debit Card
2014,263.0,2024-07-19,43.0,1,0.15,Bank Transfer
2015,123.0,2025-04-07,37.0,1,1.2,Debit Card
2016,789.0,2024-07-28,52.0,1,0.0,Bank Transfer
2017,110.0,2024-07-23,27.0,3,0.15,Cash
2018,608.0,2025-01-04,,2,,Cash
2019,581.0,2024-08-10,33.0,2,0.15,Credit Card
2020,222.0,2026-05-31,24.0,1,0.35,Bank Transfer
2021,738.0,2025-04-13,42.0,-2,1.2,Cash
2022,504.0,2025-07-28,62.0,2,,Cash
2023,80.0,2024-04-19,79.0,4,0.0,Debit Card
2024,52.0,2024-10-07,2.0,0,0.15,Bank Transfer
2025,391.0,2024-06-12,73.0,1,0.2,Cash
2026,662.0,2025-03-09,25.0,3,0.2,Credit Card
2027,287.0,2025-10-31,54.0,1,0.0,Credit Card
2028,310.0,2024-09-26,19.0,2,0.1,Credit Card
2029,652.0,2025-05-02,4.0,1,0.0,Credit Card
2030,743.0,2025-04-11,31.0,4,1.2,Debit Card
2031,280.0,2024-01-24,35.0,3,0.35,Credit Card
2032,749.0,2024-08-08,20.0,1,,Bank Transfer
2033,31.0,2025-05-24,5.0,1,0.35,Bank Transfer
2034,180.0,2025-08-13,2.0,5,,Credit Card
2035,789.0,2025-12-27,36.0,1,0.35,Cash
2036,274.0,2025-11-18,4.0,1,0.1,Cash
2037,707.0,2026-04-09,58.0,1,,Credit Card
2038,577.0,2025-07-26,56.0,-1,0.35,Cash
2039,733.0,2024-10-20,7.0,1,1.2,PayPal
2040,468.0,2025-07-11,61.0,1,,PayPal
2041,744.0,2025-07-07,71.0,1,,PayPal
2042,417.0,2025-08-17,23.0,1,0.35,PayPal
2043,786.0,2024-05-31,38.0,3,0.35,Debit Card
2044,418.0,2025-03-18,47.0,1,0.15,Cash
2045,341.0,2025-10-22,46.0,2,-0.1,Cash
2046,44.0,2025-06-02,44.0,5,,Cash
2047,614.0,2025-07-07,44.0,2,0.05,Debit Card
2048,143.0,2026-04-24,27.0,2,0.0,Bank Transfer
2049,115.0,2025-07-11,65.0,1,0.0,Debit Card
2050,5.0,2025-07-17,33.0,2,0.05,Cash
2051,701.0,2025-05-15,43.0,1,0.2,Debit Card
2052,405.0,2025-11-03,67.0,3,0.1,Debit Card
2053,360.0,2025-12-05,53.0,3,0.0,Cash
2054,656.0,2024-06-08,59.0,4,0.1,Credit Card
2055,517.0,2025-05-22,14.0,1,0.0,PayPal
2056,248.0,2024-11-06,52.0,4,-0.1,Credit Card
2057,196.0,2024-01-17,4.0,1,0.0,Cash
2058,191.0,2024-03-09,10.0,1,0.0,Bank Transfer
2059,367.0,2024-01-11,52.0,2,0.15,PayPal
2060,398.0,2024-08-01,48.0,1,1.2,Debit Card
2061,490.0,2025-08-30,79.0,1,0.35,Credit Card
2062,512.0,2024-12-25,41.0,1,0.35,Bank Transfer
2063,771.0,2026-02-27,69.0,1,1.2,Debit Card
2064,360.0,2024-01-28,63.0,1,0.35,Credit Card
2065,487.0,2025-07-10,33.0,1,0.1,Credit Card
2066,466.0,2026-02-06,49.0,1,1.2,Bank Transfer
2067,36.0,2024-11-13,42.0,2,0.35,Cash
2068,629.0,2024-04-07,53.0,1,0.05,Debit Card
2069,692.0,2025-06-02,4.0,1,-0.1,Cash
2070,475.0,2025-12-14,36.0,2,-0.1,Credit Card
2071,260.0,2024-04-30,75.0,2,0.35,Cash
2072,463.0,2026-05-24,38.0,1,0.15,Debit Card
2073,340.0,2024-04-22,55.0,2,0.0,Cash
2074,494.0,2024-09-12,63.0,1,,Cash
2075,792.0,2024-02-14,49.0,1,0.1,PayPal
2076,700.0,2026-05-15,75.0,2,0.35,Credit Card
2077,104.0,2024-05-22,22.0,1,1.2,Debit Card
2078,25.0,2025-05-23,57.0,1,0.25,Credit Card
2079,726.0,2025-12-11,68.0,1,-0.1,Credit Card
2080,429.0,2024-02-04,61.0,1,-0.1,Bank Transfer
2081,69.0,2024-03-30,9.0,1,,PayPal
2082,487.0,2025-06-03,52.0,5,0.05,Credit Card
2083,25.0,2024-03-29,21.0,2,,Cash
2084,457.0,2025-01-17,70.0,2,0.35,Credit Card
2085,673.0,2025-08-19,24.0,1,-0.1,Credit Card
2086,238.0,2024-05-30,26.0,1,0.25,Credit Card
2087,381.0,2025-06-06,8.0,3,0.0,Debit Card
2088,682.0,2025-08-22,35.0,2,0.15,Cash
2089,328.0,2026-05-31,32.0,2,0.1,Cash
2090,680.0,2025-05-04,61.0,2,0.0,Cash
2091,398.0,2025-10-10,71.0,2,0.0,Cash
2092,684.0,2026-05-28,17.0,2,0.0,Bank Transfer
2093,526.0,2025-08-02,10.0,1,,Bank Transfer
2094,641.0,2024-08-18,47.0,4,0.25,Credit Card
2095,771.0,2024-02-13,56.0,4,0.25,Credit Card
2096,198.0,2025-02-04,48.0,1,0.1,Cash
2097,491.0,2026-03-20,79.0,2,0.25,Cash
2098,248.0,2025-06-17,77.0,1,0.0,Bank Transfer
2099,615.0,2025-03-03,4.0,1,0.0,Cash
2100,792.0,2025-01-13,6.0,1,0.15,Bank Transfer
2101,666.0,2024-11-06,44.0,4,1.2,PayPal
2102,316.0,2025-06-07,61.0,2,1.2,Debit Card
2103,699.0,2025-09-05,78.0,2,1.2,Cash
2104,481.0,2024-04-03,44.0,2,0.2,Debit Card
2105,530.0,2025-10-08,79.0,1,,PayPal
2106,278.0,2025-08-31,37.0,2,0.2,PayPal
2107,246.0,2024-07-14,73.0,1,0.15,Cash
2108,344.0,2025-11-23,67.0,1,0.15,Debit Card
2109,435.0,2026-02-25,25.0,2,0.05,PayPal
2110,195.0,2025-12-30,47.0,2,0.2,Cash
2111,474.0,2025-06-16,75.0,1,0.15,Cash
2112,211.0,2026-03-19,77.0,2,0.2,Cash
2113,664.0,2025-01-18,64.0,1,0.35,PayPal
2114,582.0,2025-07-04,59.0,1,0.15,Debit Card
2115,74.0,2024-05-07,33.0,-1,-0.1,Bank Transfer
2116,4.0,2024-07-12,9.0,3,0.15,Bank Transfer
2117,466.0,2025-08-20,71.0,4,-0.1,Debit Card
2118,431.0,2024-09-29,26.0,1,0.25,Bank Transfer
2119,610.0,2025-05-02,14.0,1,0.2,Credit Card
2120,144.0,2024-05-05,24.0,1,0.0,Credit Card
2121,72.0,2024-04-20,36.0,2,0.15,Cash
2122,99.0,2024-07-28,55.0,1,,Debit Card
2123,62.0,2024-04-24,2.0,1,1.2,PayPal
2124,292.0,2024-09-03,56.0,1,1.2,Debit Card
2125,585.0,2025-07-19,35.0,1,0.1,Cash
2126,24.0,2025-08-21,71.0,1,0.1,Cash
2127,393.0,2025-07-08,27.0,2,0.05,Credit Card
2128,585.0,2024-10-03,79.0,3,0.0,Credit Card
2129,253.0,2024-08-14,53.0,1,1.2,Cash
2130,178.0,2024-10-13,29.0,1,0.1,PayPal
2131,446.0,2026-05-31,75.0,2,0.25,Bank Transfer
2132,219.0,2024-04-12,30.0,4,0.25,Bank Transfer
2133,454.0,2026-01-26,20.0,4,1.2,Bank Transfer
2134,24.0,2026-02-22,70.0,1,,Bank Transfer
2135,448.0,2024-12-16,68.0,1,0.35,Debit Card
2136,631.0,2026-05-08,50.0,1,0.1,PayPal
2137,148.0,2025-09-07,10.0,4,,Bank Transfer
2138,173.0,2024-07-31,52.0,1,0.2,Bank Transfer
2139,281.0,2026-01-02,32.0,1,0.1,Bank Transfer
2140,615.0,2024-01-25,61.0,2,1.2,Cash
2141,661.0,2025-04-08,9.0,3,0.0,Bank Transfer
2142,586.0,2025-01-03,45.0,1,0.35,Bank Transfer
2143,742.0,2025-03-10,58.0,1,0.15,PayPal
2144,235.0,2025-01-10,35.0,5,0.15,Bank Transfer
2145,162.0,2024-08-12,22.0,4,,Debit Card
2146,614.0,2026-04-09,68.0,1,0.0,Bank Transfer
2147,374.0,2026-02-17,7.0,1,0.05,Credit Card
2148,631.0,2024-02-21,71.0,1,-0.1,PayPal
2149,464.0,2024-10-27,20.0,1,0.25,PayPal
2150,191.0,2025-02-23,30.0,1,-0.1,Credit Card
2151,238.0,2025-09-27,12.0,1,,Cash
2152,296.0,2025-04-26,71.0,0,0.05,Cash
2153,18.0,2025-09-09,26.0,3,0.0,Credit Card
2154,276.0,2025-06-30,23.0,1,0.35,Debit Card
2155,780.0,2026-01-10,48.0,1,-0.1,Cash
2156,252.0,2024-11-29,2.0,4,0.15,Debit Card
2157,22.0,2025-05-31,65.0,5,0.25,Cash
2158,172.0,2025-04-25,7.0,1,0.05,Cash
2159,624.0,2025-08-10,48.0,3,0.35,Cash
2160,466.0,2025-12-28,23.0,1,0.1,Cash
2161,656.0,2026-02-11,78.0,1,0.25,Cash
2162,1.0,2025-04-16,37.0,2,0.35,Bank Transfer
2163,564.0,2026-01-13,70.0,1,-0.1,Bank Transfer
2164,663.0,2024-12-28,67.0,3,1.2,Bank Transfer
2165,770.0,2025-06-20,33.0,0,0.05,Debit Card
2166,512.0,2026-04-04,17.0,1,0.0,Debit Card
2167,377.0,2024-04-28,39.0,2,0.25,Bank Transfer
2168,385.0,2025-01-17,39.0,1,0.35,Cash
2169,769.0,2024-08-08,3.0,1,,Cash
2170,461.0,2026-03-20,76.0,3,0.05,PayPal
2171,406.0,2024-05-25,32.0,1,0.1,Bank Transfer
2172,259.0,2025-02-12,63.0,2,0.35,PayPal
2173,210.0,2024-05-13,60.0,1,0.0,Cash
2174,150.0,2024-10-29,13.0,1,0.2,Bank Transfer
2175,396.0,2024-03-20,56.0,2,0.2,Debit Card
2176,565.0,2024-02-11,62.0,0,0.35,Credit Card
2177,361.0,2024-07-17,43.0,1,-0.1,Cash
2178,12.0,2024-05-29,13.0,3,-0.1,PayPal
2179,62.0,2025-06-05,4.0,1,-0.1,PayPal
2180,25.0,2025-02-17,58.0,1,1.2,Bank Transfer
2181,356.0,2024-11-30,80.0,1,0.0,Debit Card
2182,600.0,2025-03-24,16.0,3,0.25,Debit Card
2183,38.0,2026-01-16,71.0,3,-0.1,Credit Card
2184,158.0,2024-12-04,49.0,2,0.35,PayPal
2185,148.0,2026-02-19,19.0,5,0.0,Debit Card
2186,394.0,2025-02-07,36.0,1,0.0,PayPal
2187,13.0,2024-07-18,18.0,1,0.1,Bank Transfer
2188,156.0,2025-07-14,55.0,2,0.1,Credit Card
2189,68.0,2026-05-29,21.0,1,0.35,Credit Card
2190,225.0,2024-06-18,60.0,5,0.35,Credit Card
2191,82.0,2026-04-11,59.0,5,1.2,PayPal
2192,481.0,2025-08-13,34.0,2,0.2,PayPal
2193,540.0,2025-11-14,20.0,2,1.2,Debit Card
2194,699.0,2026-04-05,36.0,2,0.1,Cash
2195,23.0,2025-05-09,56.0,1,-0.1,PayPal
2196,511.0,2024-02-22,52.0,-1,0.15,PayPal
2197,110.0,2025-07-22,19.0,1,0.1,Cash
2198,476.0,2024-04-10,20.0,2,-0.1,PayPal
2199,423.0,2025-03-05,52.0,2,0.15,Credit Card
2200,249.0,2025-09-30,21.0,2,,Credit Card
909,452.0,2024-04-21,80.0,4,0.05,Credit Card
2092,684.0,2026-05-28,17.0,2,0.0,Bank Transfer
1010,756.0,2025-02-07,73.0,1,0.15,Debit Card
531,438.0,2024-12-21,27.0,3,,PayPal
1886,390.0,2024-10-25,20.0,2,0.1,Cash
1806,596.0,2025-06-02,40.0,3,-0.1,PayPal
887,475.0,2025-04-09,40.0,1,-0.1,Debit Card
2105,530.0,2025-10-08,79.0,1,,PayPal
1500,644.0,2024-07-16,2.0,1,0.25,Debit Card
1459,553.0,2026-01-09,3.0,1,0.25,Credit Card
1503,157.0,2026-01-18,,1,0.05,PayPal
1786,86.0,2024-04-13,2.0,3,0.35,Cash
572,663.0,2025-10-03,79.0,1,0.0,Bank Transfer
1040,343.0,2024-04-24,39.0,1,0.0,Debit Card
1221,326.0,2024-07-21,41.0,1,0.35,Bank Transfer
607,217.0,2026-03-31,7.0,2,0.2,Credit Card
337,25.0,2024-04-04,,1,1.2,Cash
613,525.0,2025-05-16,26.0,1,0.25,Bank Transfer
1794,409.0,2025-11-16,56.0,5,0.1,Debit Card
777,307.0,2024-12-02,54.0,1,0.35,Credit Card
190,569.0,2024-08-18,36.0,1,0.25,Cash
23,536.0,2025-06-16,16.0,1,,Cash
1823,738.0,2026-01-04,45.0,3,-0.1,Cash
317,174.0,2024-02-22,74.0,2,0.15,Debit Card
701,780.0,2025-11-14,58.0,1,0.2,Credit Card
