Order_ID,Customer_ID,Order_Date,Product_ID,Quantity,Discount
50001,1057.0,2025-01-17,2027.0,1.0,
50002,1159.0,2025-06-20,2076.0,6.0,0.05
50003,1296.0,2025-06-24,2006.0,7.0,0.1
50004,1224.0,2024-08-04,2083.0,10.0,0.05
50005,1014.0,2025-09-10,2090.0,8.0,0.0
50006,1247.0,2024-09-28,2072.0,3.0,0.05
50007,1049.0,2025-09-01,2088.0,9.0,0.0
50008,1225.0,2024-10-22,2059.0,5.0,0.02
50009,1187.0,2024-03-22,,9.0,0.1
50010,1087.0,2025-07-08,2033.0,2.0,0.05
50011,1128.0,2024-01-23,2093.0,1.0,0.0
50012,1036.0,2025-07-17,2070.0,1.0,0.0
50013,1297.0,2024-02-01,2020.0,10.0,0.0
50014,1072.0,2024-05-30,2096.0,1.0,0.0
50015,1093.0,2025-03-16,2006.0,10.0,0.1
50016,1151.0,2025-11-18,2059.0,8.0,0.0
50017,,2024-10-25,2020.0,2.0,0.15
50018,1152.0,2024-03-29,2067.0,9.0,0.0
50019,1152.0,2024-06-19,2042.0,2.0,0.0
50020,1175.0,2025-10-16,2044.0,2.0,0.15
50021,1258.0,2025-06-14,2068.0,6.0,0.0
50022,1119.0,2024-03-14,2076.0,3.0,0.05
50023,1250.0,2024-10-07,2039.0,3.0,0.2
50024,1237.0,2024-07-12,2100.0,2.0,0.2
50025,1289.0,2024-05-09,2050.0,7.0,0.1
50026,1274.0,2025-09-09,2017.0,1.0,0.0
50027,1240.0,2025-03-26,2001.0,3.0,0.1
50028,1075.0,2024-05-11,2021.0,6.0,0.25
50029,1233.0,2025-04-20,2070.0,5.0,0.2
50030,1221.0,2024-10-28,2054.0,7.0,0.0
50031,1087.0,2024-02-14,2034.0,3.0,0.02
50032,1204.0,2024-11-24,2049.0,7.0,0.02
50033,1076.0,2024-05-15,2084.0,8.0,0.0
50034,1157.0,2024-06-28,2058.0,4.0,0.1
50035,1240.0,2025-10-03,2006.0,3.0,0.0
50036,1057.0,2025-06-02,2005.0,6.0,0.02
50037,,2024-04-07,2049.0,6.0,0.0
50038,1239.0,2025-09-13,2041.0,1.0,0.05
50039,1137.0,2025-02-23,2086.0,6.0,
50040,1289.0,2025-09-30,2059.0,2.0,0.05
50041,1003.0,2025-06-29,2076.0,6.0,0.0
50042,1217.0,2024-09-04,2059.0,10.0,0.2
50043,1245.0,2025-01-25,2035.0,6.0,0.0
50044,1276.0,2025-01-22,2066.0,8.0,0.05
50045,1048.0,2025-06-09,2063.0,4.0,0.0
50046,1296.0,2024-06-30,2073.0,10.0,0.0
50047,1118.0,2024-08-31,2019.0,9.0,0.0
50048,1106.0,2024-06-27,2065.0,10.0,0.0
50049,1107.0,2024-08-04,2029.0,8.0,0.0
50050,1192.0,2024-04-27,2080.0,7.0,0.05
50051,1198.0,2024-01-27,2080.0,0.0,0.1
50052,1143.0,2025-11-17,2063.0,-3.0,0.0
50053,1022.0,2024-02-24,2095.0,9.0,0.05
50054,1296.0,2025-10-10,2054.0,5.0,0.1
50055,1067.0,2024-01-03,2003.0,1.0,0.0
50056,1029.0,2025-07-21,2061.0,1.0,0.02
50057,1180.0,2024-08-27,2078.0,3.0,0.0
50058,1124.0,2025-01-12,2011.0,1.0,0.0
50059,1185.0,2024-07-25,,3.0,0.05
50060,1263.0,2024-12-24,2028.0,2.0,0.25
50061,1030.0,2024-11-25,2085.0,10.0,0.25
50062,1086.0,,2053.0,1.0,0.25
50063,1155.0,2024-10-14,2098.0,7.0,0.05
50064,1237.0,2025-01-26,2088.0,4.0,0.0
50065,1181.0,2025-08-25,2056.0,2.0,0.02
50066,1115.0,2024-11-13,2068.0,8.0,0.0
50067,1184.0,2024-09-20,2034.0,10.0,0.0
50068,1294.0,2024-04-06,2010.0,8.0,0.0
50069,1145.0,2024-09-19,2040.0,10.0,0.05
50070,1266.0,2024-04-01,2060.0,6.0,0.02
50071,1234.0,2024-05-13,2019.0,7.0,0.0
50072,1091.0,2025-11-26,2023.0,2.0,0.1
50073,1075.0,2024-03-06,2002.0,9.0,0.02
50074,1232.0,2024-12-17,2074.0,8.0,0.15
50075,1063.0,2025-09-01,2090.0,3.0,0.0
50076,1102.0,2025-11-26,2083.0,4.0,0.05
50077,1071.0,2024-04-17,2038.0,7.0,0.0
50078,1182.0,2024-04-29,2060.0,1.0,0.05
50079,1089.0,2024-09-28,2097.0,9.0,0.0
50080,1198.0,2025-02-08,2060.0,3.0,0.0
50081,1281.0,2025-12-01,2030.0,1.0,0.1
50082,1249.0,2024-05-31,2034.0,4.0,0.0
50083,1285.0,2024-04-30,2073.0,9.0,0.0
50084,1008.0,2024-07-03,2045.0,3.0,0.2
50085,1137.0,2025-09-30,2084.0,6.0,0.0
50086,1067.0,2024-01-22,2087.0,9.0,0.05
50087,1276.0,2024-10-04,2004.0,1.0,0.05
50088,1214.0,2024-03-27,2073.0,8.0,0.0
50089,1097.0,2024-04-24,2037.0,3.0,0.05
50090,1170.0,2025-10-31,2052.0,7.0,0.0
50091,1182.0,2024-01-02,2027.0,2.0,0.1
50092,1149.0,2024-08-22,2037.0,2.0,0.0
50093,1143.0,2025-10-30,2034.0,8.0,0.0
50094,1017.0,2025-03-19,2006.0,9.0,0.02
50095,1136.0,,2079.0,,0.2
50096,1105.0,2024-12-05,,7.0,0.15
50097,1246.0,2025-12-09,2038.0,5.0,0.2
50098,1260.0,2024-10-19,2020.0,2.0,0.1
50099,1226.0,2025-01-20,2017.0,3.0,0.1
50100,1010.0,2025-01-23,2038.0,7.0,0.05
50101,1253.0,2025-04-27,2092.0,4.0,0.2
50102,1119.0,2024-05-16,2095.0,5.0,0.05
50103,1125.0,2025-09-04,2039.0,2.0,0.02
50104,1284.0,2025-12-22,2051.0,5.0,0.1
50105,1261.0,2024-04-14,2099.0,3.0,0.05
50106,1016.0,2025-08-20,2024.0,2.0,0.0
50107,1108.0,2025-08-19,2095.0,2.0,0.02
50108,1225.0,2025-06-25,2011.0,6.0,0.02
50109,1162.0,2024-09-27,2023.0,4.0,0.15
50110,1078.0,2024-12-08,2034.0,1.0,0.02
50111,1158.0,2025-09-04,2004.0,6.0,0.15
50112,1260.0,2024-04-21,2082.0,2.0,0.05
50113,1067.0,2025-08-27,2086.0,1.0,0.1
50114,1224.0,2025-11-03,2039.0,2.0,0.0
50115,1221.0,2025-05-12,2084.0,5.0,0.2
50116,1266.0,2024-09-06,2078.0,10.0,0.05
50117,1090.0,2025-02-12,2081.0,3.0,0.0
50118,1065.0,2024-02-06,2081.0,3.0,0.0
50119,1165.0,2025-11-11,2058.0,3.0,0.0
50120,1160.0,2024-09-06,2012.0,4.0,0.02
50121,1123.0,2024-02-11,2093.0,8.0,-0.1
50122,1234.0,2025-08-02,2061.0,4.0,1.25
50123,1240.0,2025-04-25,2091.0,7.0,0.1
50124,1074.0,2025-03-30,2096.0,9.0,0.05
50125,1239.0,2024-02-09,2019.0,10.0,0.05
50126,1070.0,2025-07-02,2041.0,6.0,0.15
50127,1123.0,2025-04-10,2020.0,8.0,0.15
50128,1009.0,2025-08-02,2006.0,10.0,0.0
50129,1103.0,2025-08-26,2097.0,8.0,0.2
50130,1288.0,2024-06-03,2093.0,3.0,0.02
50131,1133.0,2024-06-02,2094.0,2.0,0.15
50132,1214.0,2025-11-05,2089.0,2.0,0.2
50133,1033.0,2025-01-22,2065.0,9.0,
50134,1191.0,2024-11-15,2053.0,6.0,0.0
50135,1112.0,2024-07-28,2100.0,3.0,0.1
50136,1224.0,2025-04-11,2056.0,4.0,0.0
50137,1279.0,2025-07-04,2065.0,3.0,0.15
50138,,2024-01-02,2022.0,9.0,0.0
50139,1031.0,2025-02-07,2075.0,7.0,0.1
50140,1143.0,2025-12-26,2082.0,9.0,0.2
50141,1037.0,2024-07-23,2068.0,4.0,0.0
50142,1135.0,2024-07-24,2050.0,5.0,0.02
50143,1019.0,2025-10-03,2020.0,2.0,0.1
50144,1193.0,2024-02-15,2004.0,10.0,0.05
50145,1094.0,2024-10-17,2063.0,,0.0
50146,1061.0,2024-11-30,2069.0,6.0,0.0
50147,1006.0,2025-08-05,2078.0,5.0,0.05
50148,1267.0,2024-04-04,2096.0,3.0,0.1
50149,1252.0,2024-11-12,2050.0,10.0,0.05
50150,1244.0,2024-04-21,2083.0,5.0,0.0
50151,1018.0,2025-07-28,2072.0,7.0,0.05
50152,1105.0,2025-04-06,2028.0,1.0,0.02
50153,1292.0,2024-12-28,2085.0,3.0,0.0
50154,1174.0,2024-10-13,2006.0,9.0,0.1
50155,1039.0,2024-04-21,2060.0,1.0,0.02
50156,1043.0,2025-11-03,2095.0,2.0,0.05
50157,1079.0,2025-04-17,2066.0,9.0,0.2
50158,1292.0,2024-08-20,2094.0,4.0,0.05
50159,1051.0,2024-10-29,2006.0,3.0,0.1
50160,1271.0,,2054.0,6.0,0.0
50161,1204.0,2025-06-09,2079.0,2.0,0.0
50162,1277.0,2024-12-02,2065.0,1.0,0.0
50163,1248.0,2024-08-09,2089.0,1.0,0.1
50164,1100.0,2025-04-26,2047.0,1.0,0.15
50165,1249.0,2025-04-25,2069.0,2.0,0.0
50166,1051.0,,2042.0,7.0,0.0
50167,1088.0,2024-02-23,2088.0,3.0,0.02
50168,1064.0,2024-12-11,2012.0,1.0,0.1
50169,1040.0,2025-03-24,2026.0,1.0,0.1
50170,1028.0,2025-11-24,2010.0,5.0,0.1
50171,1057.0,2025-01-18,2071.0,9.0,0.2
50172,1037.0,2024-09-07,2024.0,4.0,0.0
50173,1115.0,2025-02-09,2032.0,1.0,0.1
50174,1022.0,2024-05-09,2084.0,3.0,0.05
50175,1019.0,2024-03-07,2037.0,5.0,0.02
50176,1297.0,2025-05-10,2015.0,2.0,0.2
50177,1027.0,2025-12-20,2003.0,10.0,0.0
50178,1023.0,2025-09-09,2023.0,8.0,0.1
50179,1010.0,2025-03-02,2092.0,4.0,0.1
50180,1040.0,2024-01-30,2055.0,10.0,0.2
50181,1159.0,2025-12-22,2100.0,4.0,0.05
50182,1249.0,2024-11-24,2022.0,2.0,0.02
50183,1221.0,2024-07-30,2036.0,10.0,0.15
50184,1175.0,2025-10-13,2017.0,10.0,0.1
50185,1026.0,2025-06-28,2040.0,4.0,0.05
50186,1233.0,2025-07-01,2057.0,6.0,0.1
50187,1012.0,2024-07-21,2081.0,2.0,0.0
50188,1190.0,2025-12-25,2037.0,7.0,0.1
50189,1123.0,2024-11-26,2078.0,7.0,0.15
50190,1265.0,2025-01-22,2063.0,8.0,0.02
50191,1093.0,2025-07-02,2030.0,6.0,0.05
50192,1192.0,2025-04-26,2092.0,8.0,0.2
50193,1132.0,2024-05-05,2044.0,6.0,0.15
50194,1157.0,2024-08-08,2016.0,9.0,0.15
50195,1282.0,2024-09-20,2097.0,2.0,0.02
50196,1214.0,2025-11-22,2092.0,5.0,0.25
50197,1125.0,2025-06-05,2005.0,5.0,0.0
50198,1135.0,2024-09-24,2091.0,6.0,0.05
50199,1212.0,2025-06-20,2095.0,2.0,0.05
50200,1104.0,,2083.0,4.0,0.15
50201,1051.0,2024-10-14,2026.0,10.0,0.2
50202,1141.0,2024-10-21,2064.0,2.0,0.1
50203,1021.0,2025-10-14,2054.0,7.0,0.1
50204,1051.0,2025-02-14,2063.0,7.0,0.05
50205,1127.0,2024-04-19,2062.0,5.0,0.05
50206,1239.0,2025-06-09,2064.0,1.0,0.05
50207,1235.0,2025-03-06,2052.0,1.0,0.0
50208,1079.0,2025-01-06,2070.0,3.0,0.05
50209,1127.0,2025-06-13,2053.0,2.0,0.15
50210,1047.0,2025-10-24,2002.0,1.0,0.1
50211,1227.0,2024-08-29,2004.0,,0.15
50212,1074.0,2024-11-02,2096.0,2.0,0.02
50213,1240.0,2024-05-18,2091.0,9.0,0.05
50214,1253.0,2025-04-17,2059.0,7.0,0.0
50215,1207.0,2024-10-20,2018.0,1.0,0.02
50216,1100.0,2024-09-06,2079.0,7.0,0.05
50217,1286.0,2025-05-23,2015.0,2.0,0.0
50218,,2024-10-24,2038.0,5.0,0.0
50219,1194.0,2024-12-04,2033.0,1.0,0.1
50220,1257.0,2024-11-17,2002.0,1.0,0.05
50221,1265.0,2024-07-07,2081.0,2.0,0.05
50222,1024.0,2024-04-01,2051.0,5.0,0.0
50223,1265.0,2025-08-26,2032.0,5.0,0.05
50224,1230.0,2024-03-07,2051.0,4.0,0.05
50225,1062.0,2024-08-25,2001.0,7.0,0.05
50226,1093.0,2025-05-02,2044.0,8.0,0.1
50227,1226.0,2024-04-05,2052.0,8.0,0.0
50228,1065.0,2025-04-23,2034.0,6.0,0.2
50229,1136.0,2025-06-19,2084.0,6.0,0.0
50230,1207.0,2025-04-28,2025.0,5.0,0.05
50231,1196.0,2024-08-10,2014.0,3.0,0.0
50232,1273.0,2024-01-15,2053.0,5.0,0.05
50233,1034.0,2025-10-09,2089.0,1.0,0.0
50234,1089.0,2024-08-26,2038.0,10.0,0.15
50235,1296.0,2025-08-10,2005.0,4.0,0.02
50236,1171.0,2024-05-24,2097.0,8.0,0.1
50237,1075.0,2024-04-28,2045.0,10.0,0.0
50238,1087.0,2025-07-22,2018.0,5.0,0.0
50239,1102.0,2025-11-17,2062.0,9.0,0.05
50240,1167.0,2025-09-20,2032.0,5.0,0.05
50241,1086.0,2025-07-02,2094.0,2.0,0.05
50242,1187.0,2024-06-29,2030.0,1.0,0.2
50243,1134.0,2025-10-28,2056.0,2.0,0.1
50244,1184.0,2025-05-02,2055.0,10.0,0.25
50245,1047.0,2024-05-05,2025.0,5.0,0.0
50246,1188.0,2024-04-04,2050.0,4.0,0.15
50247,1278.0,2025-09-27,2011.0,5.0,0.05
50248,1041.0,2024-07-19,2065.0,3.0,0.1
50249,1099.0,2025-07-13,2076.0,9.0,0.25
50250,1209.0,2024-04-11,2096.0,10.0,0.1
50251,1186.0,2024-07-23,2033.0,1.0,0.15
50252,1203.0,2024-07-25,2029.0,8.0,0.1
50253,1168.0,2024-07-24,2055.0,4.0,0.0
50254,1205.0,2025-05-07,2070.0,1.0,0.1
50255,1183.0,2025-10-29,2100.0,10.0,0.05
50256,1023.0,2025-10-26,2003.0,1.0,0.2
50257,1226.0,2025-06-25,2024.0,3.0,0.15
50258,1135.0,2024-05-27,2027.0,1.0,0.0
50259,1016.0,2025-12-02,2026.0,5.0,0.0
50260,1123.0,2025-01-30,2047.0,6.0,0.0
50261,1131.0,2025-02-02,2088.0,4.0,0.05
50262,1027.0,2025-05-27,2004.0,1.0,0.0
50263,1299.0,2025-07-15,2082.0,2.0,0.1
50264,1067.0,2025-11-26,2062.0,10.0,0.05
50265,1100.0,2025-03-01,2062.0,9.0,0.15
50266,1133.0,2025-03-21,2068.0,10.0,0.0
50267,1250.0,2025-06-28,2012.0,6.0,0.05
50268,1223.0,2024-07-05,2075.0,6.0,0.0
50269,1232.0,2024-08-12,2025.0,8.0,0.15
50270,1072.0,2025-04-01,2052.0,7.0,0.0
50271,1254.0,2024-02-16,2068.0,5.0,0.0
50272,1249.0,2024-08-21,2061.0,3.0,0.0
50273,1140.0,2025-06-08,2033.0,5.0,0.15
50274,1164.0,2025-12-13,2040.0,1.0,0.0
50275,1012.0,2025-01-14,2048.0,2.0,0.1
50276,1229.0,2024-10-18,2005.0,8.0,0.1
50277,1289.0,2024-11-17,2073.0,9.0,0.1
50278,1142.0,2025-05-15,2010.0,2.0,0.0
50279,1163.0,2025-02-01,2046.0,1.0,0.0
50280,1150.0,2024-01-17,2066.0,1.0,0.05
50281,1025.0,2025-01-28,2009.0,8.0,0.0
50282,1186.0,2024-10-19,2100.0,4.0,0.1
50283,1217.0,2025-05-26,2038.0,4.0,0.02
50284,1279.0,2025-09-30,2002.0,1.0,0.05
50285,1279.0,2025-12-03,2066.0,10.0,0.0
50286,1148.0,2025-03-21,2056.0,5.0,0.05
50287,1288.0,,2065.0,8.0,0.0
50288,1159.0,2024-11-20,2076.0,8.0,0.1
50289,1193.0,2024-05-08,2048.0,2.0,0.0
50290,1181.0,2025-11-14,2083.0,9.0,0.25
50291,1300.0,2025-09-10,2038.0,6.0,0.1
50292,1222.0,2025-09-15,2055.0,7.0,0.0
50293,1037.0,2024-08-27,2016.0,3.0,0.0
50294,1022.0,2024-08-23,2062.0,9.0,0.02
50295,1123.0,2025-09-17,2027.0,10.0,0.0
50296,1155.0,2025-02-01,2070.0,5.0,0.0
50297,1201.0,2025-05-29,2081.0,1.0,0.15
50298,1145.0,2024-12-23,2086.0,9.0,0.1
50299,1155.0,2024-11-19,2093.0,9.0,0.0
50300,1277.0,2025-04-06,2013.0,6.0,0.05
50301,1101.0,2025-08-16,2014.0,6.0,0.0
50302,1149.0,2024-08-31,2093.0,3.0,0.25
50303,1168.0,2025-08-13,2039.0,1.0,0.0
50304,1141.0,2024-06-27,2003.0,10.0,0.1
50305,1291.0,2024-10-21,2029.0,5.0,0.1
50306,1289.0,2025-10-28,2084.0,3.0,0.0
50307,,2025-11-27,2036.0,7.0,0.0
50308,1136.0,2025-11-05,2008.0,1.0,0.02
50309,1177.0,2024-08-18,2073.0,1.0,0.15
50310,1055.0,2025-09-07,2020.0,3.0,0.05
50311,1128.0,2025-11-14,2036.0,5.0,0.1
50312,1066.0,2025-12-15,2001.0,4.0,0.15
50313,1044.0,2024-01-16,2061.0,2.0,0.15
50314,1029.0,2025-06-27,2045.0,4.0,0.05
50315,1177.0,2025-12-28,2087.0,4.0,0.05
50316,1001.0,2025-07-12,2034.0,6.0,0.1
50317,1194.0,2024-06-19,2021.0,6.0,0.0
50318,1130.0,2025-07-10,2017.0,9.0,0.15
50319,1110.0,2024-03-17,2021.0,9.0,0.0
50320,1231.0,2024-12-16,2046.0,3.0,0.0
50321,1162.0,2025-04-02,2009.0,10.0,0.15
50322,1221.0,2024-11-29,2041.0,6.0,0.02
50323,1213.0,2025-05-25,2086.0,2.0,0.0
50324,1010.0,2024-06-24,2077.0,4.0,0.0
50325,1065.0,2025-03-18,2064.0,8.0,0.05
50326,1171.0,2025-04-15,2090.0,9.0,0.15
50327,1293.0,2025-04-07,2079.0,4.0,0.0
50328,1047.0,2024-07-30,2066.0,2.0,0.0
50329,1032.0,2024-08-10,2087.0,2.0,0.05
50330,1283.0,2024-07-07,2013.0,2.0,0.2
50331,1291.0,2024-12-03,2082.0,7.0,0.0
50332,1051.0,2025-03-03,2030.0,6.0,0.2
50333,1121.0,2024-09-21,2074.0,5.0,0.15
50334,1188.0,2024-10-26,2092.0,7.0,0.0
50335,1059.0,2024-07-28,2050.0,9.0,0.15
50336,1098.0,2024-06-08,2009.0,8.0,0.1
50337,1119.0,2025-04-24,2038.0,2.0,0.05
50338,1193.0,2025-08-18,2041.0,6.0,0.05
50339,1093.0,2024-07-31,2094.0,9.0,0.15
50340,1124.0,2025-09-20,2095.0,8.0,0.15
50341,1087.0,2025-02-20,2057.0,4.0,0.1
50342,1228.0,2024-05-02,2096.0,4.0,0.25
50343,1046.0,2024-09-24,2044.0,9.0,0.05
50344,1070.0,2024-01-06,2042.0,1.0,0.15
50345,1075.0,2024-01-29,2084.0,6.0,0.15
50346,1272.0,2024-09-02,2067.0,2.0,0.0
50347,1284.0,2024-11-27,2053.0,9.0,0.0
50348,1151.0,2025-08-05,2046.0,1.0,0.05
50349,1047.0,2024-04-08,2071.0,1.0,0.15
50350,1227.0,2025-09-04,2076.0,4.0,0.0
50351,1148.0,2024-06-20,2050.0,3.0,0.1
50352,1255.0,2024-04-10,2004.0,5.0,0.0
50353,1108.0,2025-05-25,2011.0,3.0,0.02
50354,1300.0,2025-07-19,2015.0,4.0,0.1
50355,1243.0,2025-03-17,2047.0,6.0,0.0
50356,1068.0,2024-03-25,2062.0,6.0,0.15
50357,1218.0,2024-03-25,2081.0,10.0,0.0
50358,1087.0,2024-10-11,2024.0,5.0,0.2
50359,1105.0,2024-11-24,2079.0,6.0,0.0
50360,1076.0,2025-12-29,2067.0,7.0,0.25
50361,1205.0,2024-07-28,2006.0,2.0,0.1
50362,1079.0,2024-05-20,2036.0,7.0,0.0
50363,1192.0,2025-11-21,2031.0,9.0,0.0
50364,1175.0,2024-04-22,2089.0,4.0,0.0
50365,1226.0,2024-01-20,2093.0,2.0,0.1
50366,1299.0,2024-11-04,2082.0,4.0,0.15
50367,1003.0,2024-10-19,2053.0,3.0,0.05
50368,1298.0,2025-03-28,2050.0,6.0,0.05
50369,1033.0,2025-10-02,2032.0,9.0,0.1
50370,1159.0,2025-11-12,2078.0,6.0,0.05
50371,1103.0,2024-07-30,2009.0,2.0,0.1
50372,1192.0,2025-12-16,2028.0,4.0,0.05
50373,1217.0,2025-04-06,2014.0,7.0,0.1
50374,1258.0,2024-02-20,2050.0,4.0,0.25
50375,1121.0,2025-11-16,2030.0,6.0,0.02
50376,1280.0,2024-04-10,2020.0,7.0,0.0
50377,1097.0,2025-03-05,2038.0,4.0,0.0
50378,1062.0,2025-07-31,2087.0,7.0,0.05
50379,1114.0,2024-07-01,2056.0,4.0,0.02
50380,1159.0,2024-07-16,2083.0,2.0,0.2
50381,1201.0,2024-12-13,2092.0,4.0,0.1
50382,1250.0,2025-10-07,2091.0,5.0,0.05
50383,1068.0,2024-06-12,2036.0,1.0,0.15
50384,1091.0,2025-04-29,2088.0,9.0,0.0
50385,1282.0,2024-11-26,2091.0,6.0,0.15
50386,1132.0,2024-03-22,2096.0,1.0,0.0
50387,1073.0,2025-06-02,2036.0,9.0,0.1
50388,1296.0,2025-08-30,2023.0,9.0,0.2
50389,1135.0,2025-02-24,2059.0,1.0,0.15
50390,1296.0,2024-05-08,2094.0,2.0,0.15
50391,1276.0,2024-04-23,2091.0,4.0,0.02
50392,1272.0,2024-11-05,2058.0,6.0,0.15
50393,1175.0,2025-01-04,2015.0,8.0,0.05
50394,1240.0,2025-02-07,2043.0,5.0,0.1
50395,1289.0,2024-06-26,2072.0,7.0,0.0
50396,1081.0,2024-12-31,2057.0,1.0,0.0
50397,1012.0,2024-08-03,2035.0,7.0,0.05
50398,,2025-05-15,2035.0,10.0,0.0
50399,1192.0,2025-08-04,2006.0,6.0,0.1
50400,1165.0,2025-04-21,2029.0,5.0,0.15
50401,1025.0,2024-01-01,2067.0,3.0,0.2
50402,1169.0,2025-12-25,2025.0,10.0,0.0
50403,1053.0,2024-01-18,2100.0,1.0,0.2
50404,1152.0,2025-12-30,2009.0,3.0,0.0
50405,1173.0,2024-01-24,2059.0,2.0,0.05
50406,1192.0,2025-01-12,2050.0,9.0,0.15
50407,1124.0,2024-03-18,2084.0,5.0,0.0
50408,1123.0,2024-03-10,2089.0,10.0,0.0
50409,1204.0,2025-05-13,2055.0,7.0,0.0
50410,1225.0,2025-06-15,2064.0,6.0,0.05
50411,1243.0,2024-03-27,2070.0,6.0,0.15
50412,1101.0,2025-12-13,2053.0,3.0,0.0
50413,1128.0,2024-08-21,2019.0,6.0,0.0
50414,1100.0,2024-08-20,2043.0,7.0,0.05
50415,1159.0,2024-08-04,2025.0,10.0,0.0
50416,1039.0,2024-12-02,2047.0,6.0,0.1
50417,1130.0,2024-05-09,2062.0,10.0,0.2
50418,1057.0,2024-11-06,2021.0,10.0,0.1
50419,1160.0,2024-06-02,2025.0,6.0,0.15
50420,1256.0,2024-02-07,2083.0,5.0,0.05
50421,1296.0,2024-09-26,2038.0,2.0,0.15
50422,1134.0,2025-05-05,2020.0,3.0,0.0
50423,1017.0,2025-07-11,2072.0,9.0,0.0
50424,1069.0,2024-09-14,2072.0,2.0,0.1
50425,1032.0,2024-08-24,2083.0,4.0,0.0
50426,1228.0,2025-07-28,2076.0,7.0,0.15
50427,1296.0,2025-05-12,2100.0,3.0,0.1
50428,1167.0,2025-08-30,2058.0,10.0,0.2
50429,1054.0,2025-10-23,2029.0,7.0,0.02
50430,1007.0,2025-08-22,2087.0,1.0,0.05
50431,1293.0,2025-11-14,2027.0,3.0,0.1
50432,1095.0,2024-10-31,2030.0,8.0,0.0
50433,1034.0,2024-10-15,2083.0,9.0,0.05
50434,1054.0,2024-08-22,2089.0,10.0,0.1
50435,1077.0,2024-06-20,2034.0,9.0,0.25
50436,1197.0,2025-06-30,2073.0,1.0,0.1
50437,1268.0,2025-06-05,2093.0,8.0,0.0
50438,1083.0,2025-08-08,2080.0,2.0,0.05
50439,1207.0,2024-05-02,2001.0,1.0,0.1
50440,1020.0,2024-12-24,2067.0,7.0,0.0
50441,1004.0,2024-06-11,2017.0,5.0,0.05
50442,1017.0,2025-10-13,2085.0,7.0,0.0
50443,1277.0,2024-07-14,2007.0,9.0,0.0
50444,1175.0,2024-04-15,2100.0,1.0,0.05
50445,1242.0,2025-02-20,2018.0,6.0,0.0
50446,1007.0,2025-10-03,2043.0,9.0,0.1
50447,1007.0,2025-10-30,2024.0,5.0,0.0
50448,1255.0,2024-03-11,2082.0,6.0,0.1
50449,1031.0,2024-08-25,2040.0,5.0,0.0
50450,1047.0,2024-04-22,2075.0,10.0,0.15
50451,1156.0,2024-08-12,2007.0,1.0,0.0
50452,1182.0,2025-01-24,2046.0,9.0,0.05
50453,1069.0,2024-07-23,2092.0,9.0,0.02
50454,1134.0,2024-02-19,2093.0,9.0,0.0
50455,1203.0,2025-01-07,2021.0,5.0,0.05
50456,1133.0,2024-02-08,2040.0,6.0,0.15
50457,1115.0,2024-06-14,2041.0,4.0,0.2
50458,1022.0,2024-01-01,2057.0,3.0,0.02
50459,1136.0,2024-03-04,2054.0,9.0,0.0
50460,1241.0,2024-11-14,2011.0,6.0,0.1
50461,1189.0,2025-09-13,2077.0,8.0,0.1
50462,1268.0,2025-07-19,2023.0,2.0,0.0
50463,1038.0,2024-03-13,2032.0,8.0,0.1
50464,1004.0,2024-01-26,2085.0,7.0,0.05
50465,1165.0,2024-09-03,2069.0,10.0,0.1
50466,1054.0,2025-04-21,2040.0,2.0,0.02
50467,1179.0,2025-06-29,2092.0,6.0,0.05
50468,1272.0,2025-08-23,2040.0,6.0,0.0
50469,1102.0,2024-09-06,2057.0,6.0,0.1
50470,1165.0,2024-05-02,2025.0,1.0,0.0
50471,1205.0,2024-01-20,2019.0,5.0,0.1
50472,1046.0,2024-04-17,2050.0,3.0,0.15
50473,,2024-02-17,2057.0,7.0,0.1
50474,1061.0,2025-09-20,2081.0,3.0,0.0
50475,1243.0,2024-07-14,2040.0,5.0,0.0
50476,1198.0,2025-08-23,2090.0,7.0,0.05
50477,1043.0,2025-02-07,2061.0,1.0,0.1
50478,1218.0,2025-01-28,2008.0,8.0,0.2
50479,1059.0,2024-11-27,2074.0,8.0,0.02
50480,1180.0,2025-08-21,2058.0,1.0,0.15
50481,1288.0,2024-02-01,2039.0,1.0,0.0
50482,1286.0,2024-03-08,2047.0,9.0,0.02
50483,1262.0,2024-11-05,2031.0,3.0,0.0
50484,1149.0,2024-10-14,2062.0,9.0,0.1
50485,1168.0,2025-02-02,2057.0,5.0,0.0
50486,1091.0,2025-06-22,2045.0,4.0,0.0
50487,1277.0,2025-03-04,2029.0,3.0,0.1
50488,1144.0,2024-07-06,2040.0,7.0,0.05
50489,1232.0,2024-08-26,2050.0,2.0,0.0
50490,1108.0,2025-07-03,2048.0,5.0,0.0
50491,1223.0,2024-05-27,2031.0,4.0,0.05
50492,1068.0,2025-01-03,2059.0,2.0,0.02
50493,1221.0,2025-01-28,2023.0,4.0,0.0
50494,1014.0,2025-07-01,2051.0,6.0,0.1
50495,1032.0,2025-06-05,2013.0,7.0,0.0
50496,1106.0,2024-12-05,2048.0,1.0,0.1
50497,1145.0,2024-08-13,2079.0,9.0,0.02
50498,1214.0,2024-09-25,2082.0,9.0,0.0
50499,1108.0,2024-10-27,2070.0,7.0,0.0
50500,1006.0,2024-06-09,2075.0,10.0,0.0
50501,1098.0,2025-04-01,2007.0,5.0,0.0
50502,1132.0,2024-06-01,2035.0,9.0,0.02
50503,1164.0,2025-04-18,2066.0,8.0,0.2
50504,1194.0,2025-07-02,2081.0,6.0,0.15
50505,1075.0,2025-12-03,2059.0,2.0,0.02
50506,1184.0,2024-03-27,2086.0,6.0,0.05
50507,1190.0,2025-07-08,2028.0,10.0,0.05
50508,1233.0,2024-03-03,2016.0,10.0,0.15
50509,1157.0,2024-09-03,2009.0,5.0,0.0
50510,1244.0,2024-05-08,2059.0,3.0,0.0
50511,1067.0,2024-04-28,2067.0,8.0,0.02
50512,1214.0,2024-05-08,2029.0,1.0,0.0
50513,1014.0,2024-02-02,2079.0,2.0,0.02
50514,1031.0,2025-08-23,2074.0,6.0,0.15
50515,1260.0,2024-02-14,2037.0,10.0,0.2
50516,1143.0,2024-10-17,2024.0,4.0,0.0
50517,1187.0,2025-05-25,2075.0,5.0,0.05
50518,1182.0,2025-12-23,2068.0,4.0,0.02
50519,1209.0,2025-09-15,2018.0,5.0,0.05
50520,1074.0,2024-04-10,2026.0,1.0,0.05
50521,1054.0,2025-12-22,2049.0,6.0,0.0
50522,1013.0,2025-04-22,2052.0,6.0,0.15
50523,1260.0,2024-05-11,2017.0,4.0,0.25
50524,1068.0,2024-11-23,2095.0,3.0,0.1
50525,1173.0,2025-11-01,,8.0,
50526,1137.0,2024-10-13,2039.0,2.0,0.05
50527,1049.0,2024-05-14,2007.0,1.0,0.02
50528,1125.0,2025-09-30,2088.0,1.0,0.0
50529,1025.0,2025-11-26,2024.0,9.0,0.1
50530,1054.0,2025-12-13,2099.0,4.0,0.0
50531,,2025-11-28,2050.0,2.0,0.15
50532,1248.0,2025-09-29,2088.0,9.0,0.05
50533,1171.0,2024-11-27,2018.0,2.0,0.05
50534,1278.0,2024-05-20,2017.0,4.0,0.02
50535,1131.0,2025-03-26,2081.0,1.0,0.2
50536,1061.0,2024-06-10,2082.0,7.0,0.0
50537,1183.0,2024-12-11,2055.0,7.0,0.0
50538,1279.0,2025-04-23,2004.0,8.0,0.0
50539,1160.0,2025-11-22,2095.0,3.0,0.1
50540,1006.0,2024-07-30,2040.0,4.0,0.25
50541,1092.0,2024-07-02,2094.0,10.0,0.0
50542,1278.0,2025-06-20,2088.0,9.0,0.2
50543,1156.0,2024-01-05,2086.0,1.0,0.0
50544,1286.0,2025-02-17,2069.0,7.0,0.1
50545,1153.0,2025-06-28,2068.0,9.0,0.0
50546,1004.0,2025-02-06,2054.0,6.0,0.05
50547,1262.0,2024-10-07,2003.0,7.0,0.1
50548,1229.0,2025-08-27,2039.0,1.0,0.05
50549,,2024-09-27,2074.0,1.0,0.0
50550,1292.0,2025-06-02,2082.0,1.0,
50551,1059.0,2024-12-04,2056.0,2.0,0.25
50552,1272.0,2024-01-20,2071.0,10.0,0.05
50553,1070.0,2025-01-22,2003.0,7.0,0.1
50554,1292.0,2024-02-06,2047.0,8.0,0.15
50555,1058.0,2025-11-10,2051.0,3.0,0.0
50556,1166.0,2025-03-15,2090.0,,0.15
50557,1237.0,2024-09-28,2032.0,2.0,0.0
50558,1024.0,2024-12-20,2023.0,10.0,0.1
50559,1021.0,2025-03-28,2036.0,1.0,0.0
50560,1255.0,2024-07-08,2018.0,1.0,0.0
50561,1019.0,2024-07-29,2056.0,1.0,0.05
50562,1185.0,2024-11-01,2065.0,8.0,0.05
50563,1282.0,2024-07-07,2081.0,3.0,0.15
50564,1185.0,2025-07-07,2098.0,5.0,0.25
50565,1145.0,2024-03-16,2008.0,5.0,0.0
50566,1126.0,2025-08-26,2025.0,8.0,0.0
50567,1192.0,2024-09-11,2031.0,4.0,0.02
50568,1172.0,2025-02-13,2025.0,1.0,0.05
50569,1151.0,2024-04-25,2083.0,4.0,0.05
50570,1047.0,2024-10-08,2014.0,3.0,0.15
50571,1199.0,2025-07-04,2003.0,8.0,0.1
50572,1222.0,2024-07-16,2087.0,8.0,0.0
50573,1213.0,2024-04-06,2097.0,1.0,0.05
50574,1023.0,2025-01-16,2023.0,8.0,0.1
50575,1211.0,2024-04-28,2034.0,1.0,0.05
50576,1219.0,2024-08-17,2051.0,7.0,0.0
50577,1056.0,2024-11-24,2053.0,4.0,0.02
50578,1255.0,2025-02-15,2100.0,4.0,0.05
50579,1158.0,2025-04-11,2041.0,5.0,0.0
50580,1142.0,2025-05-08,2002.0,4.0,0.1
50581,1217.0,2025-09-08,2043.0,8.0,0.02
50582,1153.0,2024-02-18,2056.0,10.0,0.1
50583,1164.0,2024-09-21,2052.0,9.0,0.05
50584,1094.0,2024-01-01,2052.0,5.0,0.15
50585,1279.0,2024-01-07,2093.0,6.0,0.0
50586,1291.0,2024-06-03,2081.0,5.0,0.0
50587,1040.0,2025-03-12,2026.0,8.0,0.02
50588,1220.0,2025-10-14,2036.0,6.0,0.05
50589,1008.0,2025-07-18,2067.0,5.0,0.0
50590,1111.0,2025-04-16,2042.0,5.0,0.1
50591,1291.0,2025-07-22,2043.0,4.0,0.0
50592,1053.0,2024-05-05,2017.0,6.0,
50593,1114.0,2025-09-05,2026.0,7.0,0.05
50594,1066.0,2025-10-11,2075.0,5.0,0.1
50595,1219.0,2024-03-10,2085.0,9.0,0.15
50596,1140.0,2024-12-09,2079.0,9.0,0.1
50597,1178.0,2025-08-28,2031.0,5.0,0.05
50598,1283.0,2024-12-13,2014.0,10.0,0.1
50599,1157.0,2025-09-05,2016.0,2.0,0.1
50600,1221.0,2025-11-13,2040.0,10.0,0.0
50601,1030.0,2024-12-12,,3.0,0.05
50602,1065.0,2024-02-13,2090.0,6.0,0.1
50603,1285.0,2024-09-05,2090.0,3.0,0.02
50604,1258.0,2024-06-06,2001.0,5.0,0.1
50605,1198.0,2024-12-12,2071.0,4.0,0.05
50606,1114.0,2025-03-03,2030.0,8.0,0.05
50607,1060.0,2024-12-04,2020.0,1.0,0.0
50608,1256.0,2024-05-22,2056.0,9.0,0.1
50609,1236.0,2024-08-07,2004.0,10.0,0.15
50610,1073.0,2025-05-11,2034.0,6.0,0.0
50611,1177.0,2024-01-20,2056.0,6.0,0.02
50612,1186.0,2024-06-05,2028.0,7.0,0.0
50613,1144.0,2025-10-13,2060.0,2.0,0.0
50614,1279.0,2024-03-13,2047.0,8.0,0.25
50615,1038.0,2024-10-29,2080.0,3.0,0.05
50616,1078.0,2024-05-31,2019.0,7.0,0.02
50617,1029.0,2024-03-17,2006.0,4.0,0.0
50618,1208.0,2024-11-04,2053.0,8.0,0.25
50619,1194.0,2025-01-15,2026.0,8.0,0.0
50620,1297.0,2024-05-08,2071.0,3.0,0.1
50621,1163.0,2024-02-26,2010.0,7.0,0.0
50622,1046.0,2024-04-08,2058.0,5.0,0.0
50623,1136.0,2025-04-20,2099.0,3.0,0.1
50624,1027.0,2025-09-20,2010.0,6.0,0.0
50625,1202.0,2024-05-11,2031.0,10.0,0.1
50626,1203.0,2024-08-21,2085.0,1.0,0.0
50627,1258.0,2024-09-07,2054.0,10.0,0.1
50628,1102.0,2024-09-20,2018.0,9.0,0.1
50629,1094.0,2024-06-27,2022.0,6.0,0.1
50630,1022.0,2024-02-10,2077.0,7.0,0.0
50631,1125.0,2025-01-18,2087.0,4.0,0.1
50632,1143.0,2024-09-17,2037.0,2.0,0.25
50633,1227.0,2024-09-06,2048.0,6.0,0.0
50634,1227.0,2024-07-12,2079.0,9.0,0.0
50635,1043.0,2025-11-09,2018.0,3.0,0.15
50636,1086.0,2025-03-21,2021.0,8.0,0.0
50637,,2024-11-01,2078.0,8.0,0.1
50638,1101.0,2024-05-29,2019.0,8.0,0.1
50639,1008.0,2025-08-07,2078.0,4.0,0.0
50640,1254.0,2025-10-10,2050.0,4.0,0.05
50641,1220.0,2024-01-24,2100.0,5.0,0.05
50642,1157.0,2025-11-09,2004.0,9.0,0.02
50643,1096.0,2025-05-25,2095.0,10.0,0.15
50644,1253.0,2024-03-13,2023.0,5.0,0.0
50645,1011.0,2025-07-03,2004.0,10.0,0.02
50646,1134.0,,2073.0,6.0,0.15
50647,1241.0,2024-02-07,2054.0,4.0,0.0
50648,1286.0,2024-03-25,2084.0,1.0,0.15
50649,1076.0,2024-12-01,2011.0,7.0,0.0
50650,1196.0,2025-03-28,2009.0,7.0,0.05
50651,1057.0,2024-10-24,2057.0,10.0,0.0
50652,1035.0,2024-03-30,2089.0,8.0,0.1
50653,1106.0,2024-05-25,2041.0,1.0,0.15
50654,1266.0,2025-09-14,2080.0,6.0,0.15
50655,1207.0,2025-12-03,2091.0,8.0,0.25
50656,1147.0,2025-07-04,2087.0,5.0,0.1
50657,1085.0,2024-03-16,2051.0,5.0,0.1
50658,1043.0,2025-08-21,2070.0,9.0,0.05
50659,1082.0,2025-05-20,2053.0,7.0,0.2
50660,,2025-01-19,2068.0,7.0,0.1
50661,1057.0,2024-04-14,2057.0,5.0,0.15
50662,1207.0,2025-12-28,2053.0,3.0,0.0
50663,1040.0,2024-11-19,2044.0,6.0,0.05
50664,1015.0,2024-02-02,2066.0,10.0,0.1
50665,1163.0,2024-06-02,2076.0,7.0,0.0
50666,1086.0,2024-10-19,2092.0,8.0,0.0
50667,1137.0,2024-02-15,,2.0,0.25
50668,1042.0,2024-08-24,2011.0,10.0,0.05
50669,1063.0,2024-12-07,2059.0,3.0,0.0
50670,1133.0,2025-11-23,2032.0,10.0,0.02
50671,1208.0,2024-03-04,2003.0,5.0,0.02
50672,1125.0,2025-02-25,2008.0,10.0,0.1
50673,1163.0,2025-10-30,2060.0,9.0,0.2
50674,1157.0,2025-08-11,2095.0,8.0,0.25
50675,1081.0,2025-11-06,2051.0,10.0,0.1
50676,1084.0,2024-05-04,2045.0,7.0,0.1
50677,1128.0,2025-08-07,2009.0,9.0,0.02
50678,1010.0,2025-12-15,2068.0,2.0,0.15
50679,1206.0,2024-08-26,2006.0,1.0,0.0
50680,1185.0,2024-12-30,2085.0,6.0,0.0
50681,1092.0,2025-01-22,2082.0,9.0,0.25
50682,1113.0,2024-12-26,2100.0,8.0,0.15
50683,1099.0,2024-07-30,2029.0,6.0,0.02
50684,1196.0,2025-12-09,2017.0,6.0,0.1
50685,1228.0,2025-11-29,2030.0,7.0,0.05
50686,1033.0,2024-10-04,2080.0,9.0,0.02
50687,1124.0,2025-08-10,2022.0,9.0,0.0
50688,1005.0,2024-10-17,2089.0,2.0,0.0
50689,1136.0,2025-08-03,2016.0,6.0,0.05
50690,1075.0,2025-03-02,2005.0,4.0,0.05
50691,1101.0,2024-12-09,2022.0,8.0,0.05
50692,1137.0,2024-04-03,2076.0,6.0,0.0
50693,1098.0,2025-04-22,2061.0,10.0,0.2
50694,1119.0,2024-08-22,2036.0,5.0,0.1
50695,1230.0,2024-06-07,2066.0,7.0,0.15
50696,1244.0,2024-05-21,2065.0,2.0,0.0
50697,1002.0,2025-12-17,2056.0,10.0,0.1
50698,1114.0,2024-03-16,2052.0,2.0,0.15
50699,1255.0,2025-08-05,2011.0,4.0,0.02
50700,1160.0,2025-09-24,2026.0,9.0,0.0
50701,1062.0,2024-01-23,2053.0,10.0,0.0
50702,1179.0,2025-03-06,2014.0,5.0,0.0
50703,1044.0,2025-02-25,2048.0,5.0,0.05
50704,1007.0,2024-09-18,2012.0,1.0,0.02
50705,1190.0,2025-05-01,2079.0,10.0,0.0
50706,1155.0,2024-10-25,2011.0,1.0,0.1
50707,1227.0,2024-11-16,2010.0,1.0,0.0
50708,1104.0,2024-11-11,2064.0,5.0,0.02
50709,1257.0,2025-08-07,2023.0,1.0,0.1
50710,1127.0,2025-04-07,2036.0,2.0,0.0
50711,1222.0,2024-10-03,2032.0,7.0,0.0
50712,1031.0,2025-11-07,2022.0,8.0,0.0
50713,1030.0,2025-08-08,2077.0,3.0,0.0
50714,1235.0,2025-11-11,2070.0,8.0,0.05
50715,1251.0,2025-06-17,2024.0,7.0,0.0
50716,,2024-10-12,2069.0,3.0,0.0
50717,1098.0,2025-07-18,2072.0,8.0,0.25
50718,1007.0,2024-08-28,2054.0,6.0,0.2
50719,1294.0,2024-07-16,2058.0,9.0,0.0
50720,1181.0,2024-11-25,2094.0,2.0,0.02
50721,1075.0,2025-12-08,2046.0,3.0,0.05
50722,1230.0,2025-02-18,2039.0,4.0,0.15
50723,1272.0,2024-10-07,2054.0,4.0,0.15
50724,1086.0,2024-12-03,2084.0,9.0,0.0
50725,1231.0,2024-07-31,2071.0,8.0,0.0
50726,1237.0,2025-04-25,2008.0,6.0,0.05
50727,1151.0,2024-09-12,2046.0,6.0,0.15
50728,1190.0,2025-02-08,2074.0,9.0,0.15
50729,1081.0,2024-09-26,2023.0,5.0,0.0
50730,1279.0,2024-08-22,2099.0,3.0,0.05
50731,1295.0,2025-12-09,2081.0,2.0,0.0
50732,1295.0,2024-09-09,2085.0,4.0,0.1
50733,1222.0,2024-02-21,2009.0,7.0,0.2
50734,1013.0,2024-10-03,2058.0,5.0,0.05
50735,1110.0,2025-01-23,2053.0,5.0,0.0
50736,1134.0,2024-03-10,2063.0,5.0,0.05
50737,1288.0,2024-08-11,2086.0,10.0,0.05
50738,1165.0,2024-05-01,2036.0,10.0,0.15
50739,1161.0,2024-12-31,2054.0,2.0,0.02
50740,1045.0,2025-06-11,2068.0,2.0,0.15
50741,1239.0,2025-12-07,2076.0,3.0,0.0
50742,1101.0,2024-10-11,2078.0,9.0,0.0
50743,1028.0,2025-09-22,2034.0,5.0,0.02
50744,1297.0,2024-06-05,2100.0,9.0,0.0
50745,1058.0,2025-07-23,2001.0,7.0,0.0
50746,1005.0,2025-02-14,2050.0,6.0,0.1
50747,1024.0,2025-07-07,2061.0,3.0,0.0
50748,1136.0,2025-07-05,2007.0,4.0,0.0
50749,1031.0,2025-01-23,2046.0,2.0,0.0
50750,1253.0,2024-07-06,2060.0,6.0,0.0
50751,1154.0,2025-01-19,2061.0,3.0,0.15
50752,1098.0,2025-08-26,2012.0,3.0,0.2
50753,1001.0,2025-12-09,2028.0,1.0,0.0
50754,1144.0,2025-11-08,2025.0,8.0,0.1
50755,1046.0,2024-05-12,2064.0,10.0,0.1
50756,1294.0,2025-03-12,2033.0,5.0,0.25
50757,1088.0,2024-03-17,2058.0,6.0,0.02
50758,1143.0,2025-05-03,2074.0,10.0,0.0
50759,,2025-12-25,2080.0,6.0,0.05
50760,1040.0,2024-02-08,2019.0,7.0,0.15
50761,1063.0,2025-04-24,2091.0,5.0,0.1
50762,1016.0,2025-11-21,2017.0,6.0,0.05
50763,1218.0,2025-09-10,2003.0,6.0,0.0
50764,1284.0,2024-10-13,2005.0,8.0,0.1
50765,1296.0,2024-03-16,2021.0,7.0,0.15
50766,1080.0,2025-11-05,2088.0,6.0,0.02
50767,1237.0,2025-11-03,2021.0,1.0,0.1
50768,1152.0,2025-02-26,2070.0,10.0,0.05
50769,1014.0,2025-12-15,2042.0,9.0,0.05
50770,1028.0,2024-01-04,2004.0,2.0,0.05
50771,1165.0,2025-03-26,,3.0,0.1
50772,1128.0,2024-01-29,2003.0,10.0,0.25
50773,1003.0,2025-11-14,2048.0,,0.05
50774,1280.0,2025-05-11,2056.0,9.0,0.02
50775,1220.0,2025-10-28,2053.0,8.0,0.02
50776,1151.0,2025-02-14,2029.0,9.0,0.0
50777,1297.0,2024-03-01,2077.0,1.0,0.0
50778,1292.0,2024-01-20,2060.0,5.0,0.0
50779,1293.0,2024-09-01,2026.0,6.0,0.05
50780,1078.0,2025-06-26,2044.0,9.0,0.0
50781,1265.0,2024-04-20,2011.0,3.0,0.02
50782,1152.0,2025-09-14,2093.0,4.0,0.15
50783,1218.0,2024-06-23,2076.0,2.0,0.0
50784,1258.0,2024-12-28,2029.0,8.0,0.1
50785,1049.0,2024-05-28,2068.0,10.0,0.2
50786,1135.0,2024-12-06,2068.0,2.0,0.05
50787,1039.0,2024-11-26,2061.0,3.0,0.0
50788,1084.0,2024-01-04,2006.0,4.0,0.02
50789,1125.0,2025-02-18,2088.0,9.0,0.1
50790,1257.0,2025-07-28,2096.0,5.0,0.05
50791,1259.0,2025-11-14,2098.0,3.0,0.0
50792,1117.0,2024-08-29,2099.0,4.0,0.05
50793,1099.0,2025-10-04,2093.0,6.0,0.05
50794,1160.0,2025-10-03,2074.0,4.0,0.0
50795,1274.0,2025-12-22,2006.0,2.0,0.1
50796,1293.0,2024-09-29,2047.0,9.0,0.0
50797,1069.0,2025-09-13,2025.0,5.0,0.02
50798,1056.0,2025-02-16,2022.0,3.0,0.15
50799,1213.0,2024-02-12,2084.0,8.0,0.0
50800,1091.0,2024-07-16,2082.0,8.0,0.1
50801,1060.0,2025-05-05,2053.0,2.0,0.05
50802,1010.0,2024-04-27,2074.0,1.0,0.02
50803,1121.0,2024-11-13,,1.0,0.2
50804,1118.0,2025-07-19,2023.0,8.0,0.02
50805,1169.0,2024-04-19,2087.0,7.0,0.0
50806,1061.0,2024-12-28,2046.0,8.0,0.2
50807,1215.0,2024-06-05,2055.0,7.0,0.1
50808,1205.0,2025-01-26,2047.0,5.0,0.1
50809,1139.0,2024-06-24,2021.0,6.0,0.0
50810,1055.0,2025-12-05,2083.0,8.0,0.0
50811,1153.0,2024-02-25,2076.0,4.0,0.1
50812,1203.0,2025-12-04,2069.0,10.0,0.0
50813,1112.0,2025-08-01,2036.0,9.0,0.0
50814,1080.0,2025-09-16,2065.0,9.0,0.1
50815,1152.0,2025-09-13,2096.0,10.0,0.0
50816,1107.0,2024-05-16,2065.0,4.0,0.0
50817,1121.0,2025-11-10,2050.0,2.0,0.0
50818,1105.0,2025-03-09,2028.0,5.0,0.05
50819,1092.0,2025-12-03,2053.0,8.0,0.1
50820,1216.0,2025-10-03,2038.0,8.0,0.15
50821,1139.0,2025-02-27,2062.0,4.0,0.0
50822,1140.0,2024-09-30,2005.0,3.0,0.0
50823,1196.0,2024-03-26,2020.0,5.0,0.05
50824,1109.0,2024-03-14,2079.0,9.0,0.02
50825,1031.0,2024-10-11,2039.0,1.0,0.05
50826,1256.0,2025-08-15,2044.0,4.0,0.2
50827,1017.0,2025-01-03,2055.0,3.0,0.05
50828,1172.0,2024-12-17,2044.0,9.0,0.05
50829,1080.0,2024-06-27,2076.0,5.0,0.25
50830,1065.0,2025-02-16,2025.0,1.0,0.0
50831,1013.0,2025-04-10,2076.0,3.0,0.2
50832,1271.0,2025-12-17,2021.0,1.0,0.05
50833,1129.0,2025-06-16,2038.0,5.0,0.05
50834,1103.0,2025-03-19,2059.0,10.0,0.2
50835,1223.0,2025-10-26,2089.0,6.0,0.05
50836,1012.0,2024-11-06,2024.0,9.0,0.05
50837,1170.0,2025-11-13,2059.0,8.0,0.0
50838,1149.0,2024-09-27,2007.0,9.0,0.1
50839,1167.0,2024-04-03,2008.0,4.0,0.05
50840,1038.0,2024-10-31,2077.0,10.0,0.0
50841,1286.0,2024-04-03,2072.0,3.0,0.1
50842,1072.0,2024-03-27,2038.0,5.0,0.1
50843,1204.0,2025-10-05,2063.0,7.0,0.02
50844,1225.0,2025-08-03,2039.0,3.0,0.0
50845,1104.0,2024-06-10,2028.0,3.0,0.05
50846,1040.0,2025-09-03,2044.0,2.0,0.0
50847,1090.0,2024-02-20,2032.0,1.0,0.0
50848,1243.0,2024-07-26,2082.0,6.0,0.05
50849,1272.0,2025-05-30,2042.0,10.0,0.0
50850,1282.0,2024-08-09,2033.0,3.0,0.0
50851,1068.0,2025-06-17,2054.0,5.0,0.1
50852,1182.0,2025-09-30,2076.0,10.0,0.02
50853,1046.0,2024-02-18,2028.0,8.0,0.25
50854,1214.0,2024-01-18,2094.0,1.0,0.2
50855,1125.0,2025-11-17,2047.0,6.0,0.1
50856,1215.0,2025-01-14,2067.0,2.0,0.2
50857,1206.0,2025-01-04,2096.0,3.0,0.15
50858,1298.0,2024-12-04,2044.0,3.0,0.02
50859,1147.0,2024-11-12,2020.0,7.0,0.1
50860,1103.0,2025-05-18,2075.0,2.0,0.0
50861,1159.0,2025-02-27,2001.0,3.0,0.1
50862,1049.0,2024-04-29,,3.0,0.05
50863,1034.0,2025-04-02,2098.0,4.0,0.0
50864,1156.0,2025-05-02,2042.0,7.0,0.0
50865,1248.0,2024-03-23,2069.0,4.0,0.2
50866,1160.0,2024-10-02,2053.0,4.0,0.02
50867,1235.0,2025-07-31,2022.0,6.0,0.0
50868,1054.0,2025-03-27,2032.0,7.0,0.0
50869,1135.0,2024-04-09,2053.0,1.0,0.05
50870,1184.0,2024-01-30,2011.0,9.0,0.15
50871,1105.0,2025-02-28,2042.0,10.0,0.1
50872,1005.0,2024-12-03,2042.0,7.0,0.05
50873,1023.0,2025-12-02,2084.0,6.0,0.0
50874,1279.0,2025-01-16,2013.0,7.0,0.0
50875,1182.0,2025-11-10,2085.0,5.0,0.05
50876,1080.0,2024-06-05,2042.0,4.0,0.15
50877,1078.0,2024-11-22,2066.0,4.0,0.1
50878,1012.0,2024-04-11,2056.0,2.0,0.05
50879,1284.0,2025-02-23,2030.0,9.0,0.1
50880,1033.0,2024-05-17,2094.0,4.0,0.05
50881,1228.0,2024-12-25,2023.0,3.0,0.05
50882,1073.0,2024-09-08,2004.0,10.0,0.05
50883,1101.0,2024-05-15,2076.0,6.0,0.1
50884,1083.0,2024-03-11,2063.0,7.0,0.05
50885,1248.0,2025-01-08,2090.0,3.0,0.2
50886,1010.0,2025-11-22,2046.0,3.0,0.05
50887,1106.0,2024-05-25,2002.0,8.0,0.0
50888,1084.0,2024-10-22,2003.0,5.0,0.0
50889,1082.0,2024-06-12,2044.0,2.0,0.05
50890,1058.0,2025-08-13,2025.0,9.0,0.05
50891,1274.0,2024-10-29,2093.0,5.0,0.05
50892,,2025-12-12,2012.0,7.0,0.1
50893,1126.0,2024-06-27,2089.0,4.0,0.0
50894,1116.0,2024-02-28,2022.0,6.0,0.1
50895,1295.0,2025-03-01,2012.0,8.0,0.1
50896,1102.0,2025-04-20,2028.0,9.0,0.05
50897,1103.0,2025-12-24,2015.0,3.0,0.05
50898,1099.0,2025-09-28,2041.0,7.0,0.0
50899,1099.0,2025-10-07,2034.0,10.0,0.05
50900,1027.0,2025-04-07,2053.0,7.0,0.15
50901,1182.0,2024-09-19,2054.0,2.0,0.2
50902,1008.0,2024-11-09,2001.0,2.0,0.1
50903,1068.0,2024-04-07,2013.0,3.0,0.0
50904,1061.0,2024-11-10,2017.0,2.0,0.1
50905,1088.0,2024-09-23,2020.0,8.0,0.1
50906,1227.0,2024-01-27,2010.0,,0.02
50907,1180.0,2024-05-29,2032.0,6.0,0.15
50908,1298.0,2025-01-25,2055.0,6.0,0.0
50909,1106.0,2024-09-26,2031.0,8.0,0.0
50910,1279.0,2025-12-26,2033.0,5.0,0.0
50911,1014.0,2024-12-15,2047.0,5.0,0.0
50912,1152.0,2025-11-30,2055.0,6.0,0.15
50913,1240.0,2025-04-27,2034.0,4.0,0.05
50914,1160.0,2024-01-30,2023.0,1.0,0.0
50915,1280.0,2024-05-28,2041.0,6.0,0.05
50916,1095.0,2025-05-30,2003.0,9.0,0.02
50917,1010.0,2025-02-01,2050.0,1.0,0.02
50918,1233.0,2024-08-08,2095.0,3.0,0.0
50919,1021.0,2025-01-16,2040.0,3.0,0.1
50920,1230.0,2025-10-21,2011.0,9.0,0.0
50921,1221.0,2024-10-10,2071.0,6.0,0.1
50922,1254.0,2024-02-02,2013.0,6.0,0.0
50923,1144.0,2024-08-15,2020.0,7.0,0.1
50924,1269.0,2025-11-14,2015.0,3.0,0.15
50925,1051.0,2025-07-10,2089.0,8.0,0.0
50926,1131.0,2025-09-03,2099.0,1.0,0.0
50927,1037.0,2025-10-27,2057.0,2.0,0.2
50928,1231.0,2024-03-26,2062.0,9.0,0.05
50929,1215.0,2024-07-25,2065.0,7.0,0.1
50930,1242.0,2024-02-13,2062.0,2.0,0.0
50931,1230.0,2024-01-04,2055.0,5.0,0.0
50932,1093.0,2025-09-01,2099.0,1.0,0.05
50933,1021.0,2025-11-14,2074.0,7.0,0.15
50934,1279.0,2024-04-23,2009.0,8.0,0.0
50935,1148.0,2025-06-11,2040.0,3.0,0.1
50936,1029.0,2025-01-25,2098.0,4.0,0.1
50937,1279.0,2024-02-20,2041.0,3.0,0.0
50938,1299.0,2025-10-30,2021.0,4.0,0.0
50939,1134.0,2025-09-28,2087.0,3.0,0.0
50940,1232.0,2025-02-18,2063.0,3.0,0.05
50941,1011.0,2025-05-31,2057.0,5.0,0.1
50942,1028.0,2024-10-16,2043.0,9.0,0.05
50943,1083.0,2025-08-01,2013.0,8.0,0.0
50944,1197.0,2024-11-20,2039.0,3.0,0.1
50945,1041.0,2025-12-23,2044.0,10.0,0.1
50946,1011.0,,2094.0,,0.05
50947,1201.0,2024-05-05,2031.0,10.0,0.05
50948,1232.0,2025-12-08,2015.0,4.0,0.0
50949,1222.0,2024-07-29,2043.0,6.0,0.1
50950,1240.0,2024-08-14,2100.0,3.0,0.02
50951,1241.0,2025-07-31,2049.0,8.0,0.02
50952,1181.0,2024-05-18,2038.0,4.0,0.0
50953,1156.0,2025-01-09,2067.0,9.0,0.1
50954,1258.0,2024-07-27,2065.0,1.0,0.1
50955,1105.0,2024-05-24,2030.0,6.0,0.02
50956,1030.0,2025-12-04,2097.0,2.0,0.15
50957,1226.0,2024-05-25,2060.0,9.0,0.15
50958,1083.0,2024-03-09,2006.0,5.0,0.0
50959,1294.0,,2041.0,7.0,0.1
50960,1125.0,2025-09-25,2093.0,9.0,0.02
50961,1256.0,2024-04-03,2040.0,6.0,0.25
50962,1013.0,2025-05-31,2057.0,1.0,0.0
50963,1198.0,2025-01-29,2062.0,3.0,0.0
50964,1135.0,2025-08-28,2071.0,3.0,0.05
50965,1139.0,2024-04-02,2088.0,10.0,0.0
50966,1080.0,2025-12-13,2015.0,,0.1
50967,1292.0,2025-03-27,2052.0,5.0,0.05
50968,1118.0,2025-09-06,2054.0,9.0,0.0
50969,1256.0,2024-09-21,2016.0,3.0,0.05
50970,1128.0,2025-11-19,2068.0,7.0,0.15
50971,1015.0,2025-04-02,2012.0,4.0,0.15
50972,1264.0,2024-04-02,2046.0,3.0,0.05
50973,1056.0,2025-11-04,2034.0,3.0,0.0
50974,1082.0,2025-08-03,2016.0,5.0,0.0
50975,1259.0,2024-08-07,2083.0,4.0,0.15
50976,1269.0,2025-02-02,2025.0,3.0,0.1
50977,1276.0,2024-10-10,2026.0,4.0,0.05
50978,1128.0,2025-01-31,2086.0,2.0,0.15
50979,1228.0,2025-12-05,2088.0,10.0,0.0
50980,1099.0,2025-10-18,2004.0,4.0,0.1
50981,,2024-06-06,2028.0,2.0,0.0
50982,1151.0,2025-12-10,2071.0,6.0,0.0
50983,1016.0,2024-11-15,2078.0,9.0,
50984,1126.0,2025-05-29,2100.0,4.0,0.02
50985,1141.0,2025-07-11,2056.0,9.0,0.2
50986,1078.0,2024-12-18,2001.0,7.0,0.02
50987,1113.0,2024-11-29,2088.0,8.0,0.15
50988,1151.0,2024-11-29,2017.0,3.0,0.1
50989,1015.0,2025-09-21,2013.0,1.0,0.1
50990,1046.0,2024-10-09,2068.0,4.0,0.2
50991,1231.0,2024-07-23,2061.0,10.0,0.05
50992,1106.0,2024-09-20,,8.0,0.02
50993,1183.0,2024-05-22,2017.0,8.0,0.0
50994,1170.0,2024-10-12,2059.0,9.0,0.0
50995,1166.0,2024-03-24,2026.0,4.0,0.15
50996,1125.0,2024-03-06,2069.0,4.0,0.05
50997,1145.0,2025-06-12,2042.0,10.0,0.02
50998,1248.0,2024-02-26,2059.0,6.0,0.0
50999,1290.0,2025-02-18,2048.0,3.0,0.05
51000,1078.0,2025-07-23,2037.0,3.0,0.1
51001,1201.0,2025-06-12,2035.0,9.0,0.0
51002,1291.0,2024-11-21,2070.0,,0.1
51003,1003.0,2024-05-21,2052.0,1.0,0.1
51004,1236.0,2025-11-10,2060.0,8.0,0.15
51005,1150.0,2025-09-01,2058.0,1.0,0.0
51006,1291.0,2025-03-22,2021.0,2.0,0.1
51007,1174.0,2024-03-04,2092.0,10.0,0.0
51008,1252.0,2024-01-26,2057.0,5.0,0.02
51009,1050.0,2024-08-18,2072.0,8.0,0.1
51010,1043.0,2024-04-24,2089.0,5.0,0.1
51011,1278.0,2025-09-20,2093.0,1.0,0.0
51012,1158.0,2024-05-30,2067.0,2.0,0.15
51013,1168.0,2024-07-25,2079.0,8.0,0.0
51014,1051.0,2025-12-13,2048.0,1.0,0.1
51015,1069.0,2025-08-20,2074.0,6.0,0.25
51016,1246.0,2024-06-08,2033.0,4.0,0.05
51017,1091.0,2024-10-06,2072.0,4.0,0.15
51018,1176.0,2025-01-11,2009.0,10.0,0.1
51019,1095.0,2025-04-29,2092.0,7.0,0.15
51020,1080.0,2025-11-14,2025.0,7.0,0.1
51021,1050.0,2025-09-27,2066.0,4.0,0.1
51022,1279.0,2025-12-14,2002.0,4.0,0.0
51023,1283.0,2024-01-30,2016.0,7.0,0.1
51024,1035.0,2024-06-21,2099.0,1.0,0.0
51025,1106.0,2025-02-14,2084.0,3.0,0.25
51026,1170.0,,2023.0,7.0,0.0
51027,1115.0,2024-09-16,2014.0,7.0,0.0
51028,1217.0,2024-04-22,2082.0,1.0,0.15
51029,1079.0,2025-11-12,2100.0,8.0,0.0
51030,1018.0,2024-02-16,2017.0,6.0,0.02
51031,1102.0,2024-04-18,2067.0,3.0,0.1
51032,1180.0,2024-05-22,2029.0,8.0,0.0
51033,1055.0,2024-04-18,2075.0,10.0,0.0
51034,1245.0,2025-02-19,2042.0,5.0,0.05
51035,1004.0,2024-09-22,2013.0,3.0,0.0
51036,1021.0,2025-10-28,2033.0,3.0,0.0
51037,1153.0,2024-07-09,2054.0,6.0,0.0
51038,1154.0,2025-01-27,2080.0,1.0,0.02
51039,1089.0,2025-04-26,2003.0,5.0,0.02
51040,1078.0,2025-04-01,2096.0,1.0,0.0
51041,1021.0,2025-08-04,2065.0,1.0,0.1
51042,1199.0,2024-05-27,2088.0,5.0,0.1
51043,1114.0,2025-01-05,2094.0,8.0,0.0
51044,1036.0,2025-08-07,2016.0,9.0,0.02
51045,1120.0,2025-09-22,2010.0,1.0,0.15
51046,1282.0,2025-03-26,2078.0,3.0,0.1
51047,1079.0,2025-04-20,2019.0,5.0,0.05
51048,1269.0,2025-09-22,2015.0,6.0,0.05
51049,1078.0,2025-04-01,2047.0,10.0,0.0
51050,1056.0,2025-11-23,2092.0,7.0,0.15
51051,1079.0,2024-04-03,2080.0,6.0,0.2
51052,1097.0,2024-09-10,2052.0,1.0,0.2
51053,1037.0,2024-03-22,2020.0,1.0,0.0
51054,1177.0,2024-03-07,2034.0,2.0,0.02
51055,1101.0,2024-12-10,2069.0,7.0,0.0
51056,1216.0,2024-06-13,2016.0,4.0,0.02
51057,1148.0,2024-10-24,2053.0,3.0,0.02
51058,1133.0,2024-11-15,2002.0,7.0,0.1
51059,1142.0,2025-03-29,2033.0,9.0,0.0
51060,1047.0,2025-11-21,2025.0,5.0,0.2
51061,1214.0,2025-09-12,2069.0,9.0,0.0
51062,1032.0,2024-10-03,2092.0,8.0,0.0
51063,1217.0,2024-08-25,2015.0,8.0,0.15
51064,1300.0,2025-07-16,2080.0,9.0,0.1
51065,1230.0,2024-03-31,2066.0,2.0,0.02
51066,1137.0,2025-01-29,2097.0,8.0,0.1
51067,1095.0,2024-11-04,2092.0,10.0,0.0
51068,1262.0,2024-05-13,2011.0,10.0,0.0
51069,1078.0,2025-03-26,2075.0,6.0,0.05
51070,1145.0,2024-08-22,2060.0,8.0,0.02
51071,1232.0,2024-05-15,2012.0,9.0,0.1
51072,1277.0,2025-04-21,2026.0,9.0,0.0
51073,1277.0,2024-05-07,2093.0,9.0,0.1
51074,1027.0,2025-05-06,2055.0,9.0,0.1
51075,1270.0,2024-04-28,2034.0,4.0,0.0
51076,1035.0,2024-11-13,2033.0,8.0,0.0
51077,1176.0,2025-08-12,2084.0,5.0,0.05
51078,1279.0,2024-06-15,2029.0,9.0,0.1
51079,1197.0,2025-07-14,2016.0,9.0,0.1
51080,1285.0,2025-06-10,2058.0,10.0,0.1
51081,1104.0,2025-10-20,2100.0,6.0,0.05
51082,1095.0,2024-05-03,2019.0,5.0,0.0
51083,1098.0,2025-06-06,2026.0,2.0,0.05
51084,1107.0,2025-11-14,2047.0,7.0,0.0
51085,1205.0,2025-07-11,2020.0,6.0,0.1
51086,1136.0,2024-05-17,2066.0,6.0,0.0
51087,1222.0,2025-08-23,2026.0,7.0,0.0
51088,1125.0,2024-03-19,2013.0,9.0,0.05
51089,1093.0,2025-03-05,2027.0,2.0,0.05
51090,1058.0,2024-12-29,2094.0,5.0,0.1
51091,1166.0,2025-01-22,2094.0,8.0,0.05
51092,1270.0,2025-01-14,2051.0,9.0,0.2
51093,1258.0,2024-01-23,2041.0,8.0,0.15
51094,,2025-01-05,2082.0,8.0,0.15
51095,1144.0,2025-11-14,2020.0,9.0,0.1
51096,1212.0,2024-11-14,2066.0,10.0,0.1
51097,1184.0,2024-07-21,2069.0,7.0,0.1
51098,1021.0,2025-12-27,,3.0,0.05
51099,1178.0,2024-03-13,2022.0,6.0,0.02
51100,1012.0,2024-12-20,2072.0,8.0,0.1
51101,1035.0,2025-01-09,2062.0,2.0,0.0
51102,1197.0,2024-12-14,2088.0,8.0,0.0
51103,1031.0,2025-11-03,2018.0,6.0,0.15
51104,1102.0,2024-11-03,2062.0,10.0,0.0
51105,1177.0,2025-12-11,2083.0,3.0,0.05
51106,1197.0,2024-02-18,2028.0,10.0,0.1
51107,1134.0,2025-06-19,2075.0,5.0,0.0
51108,1029.0,2025-03-08,2010.0,6.0,0.15
51109,1240.0,2024-06-24,2072.0,7.0,0.0
51110,1285.0,2024-06-15,2061.0,6.0,0.15
51111,1267.0,2025-06-09,2020.0,10.0,0.1
51112,1225.0,2025-04-10,2007.0,2.0,0.0
51113,1121.0,2025-03-22,2075.0,8.0,0.0
51114,1263.0,2024-02-07,2025.0,10.0,0.02
51115,1147.0,2025-03-12,2050.0,3.0,0.02
51116,1041.0,2025-12-17,2007.0,3.0,0.0
51117,1256.0,2024-01-13,2097.0,5.0,0.25
51118,1097.0,2024-12-08,2055.0,8.0,0.0
51119,1282.0,2024-12-26,2094.0,10.0,0.15
51120,1111.0,2025-10-16,2017.0,8.0,0.0
51121,1261.0,2024-07-25,2021.0,8.0,0.25
51122,1162.0,2024-12-13,2062.0,5.0,0.0
51123,1141.0,2025-06-07,2061.0,7.0,0.05
51124,1090.0,2024-02-14,2080.0,3.0,0.05
51125,1251.0,2025-08-07,2093.0,5.0,0.0
51126,1019.0,2025-08-23,2083.0,2.0,0.15
51127,1141.0,2025-06-09,2015.0,1.0,0.0
51128,1111.0,2025-04-18,2031.0,9.0,0.05
51129,1164.0,2025-06-29,2092.0,9.0,0.05
51130,1077.0,2025-07-24,2055.0,6.0,0.1
51131,1200.0,2025-10-21,2087.0,1.0,0.0
51132,1116.0,2024-11-08,2057.0,1.0,0.0
51133,1057.0,2024-11-28,2005.0,2.0,0.0
51134,1060.0,2025-04-10,2048.0,8.0,
51135,1209.0,2024-05-20,2083.0,3.0,0.0
51136,1079.0,2025-09-17,2066.0,3.0,0.2
51137,1093.0,2025-07-16,2014.0,9.0,0.05
51138,1189.0,2025-04-05,2022.0,9.0,0.1
51139,1099.0,2024-08-08,2086.0,8.0,0.02
51140,1117.0,2024-09-10,2098.0,4.0,0.0
51141,1074.0,2024-11-13,2076.0,6.0,0.05
51142,1104.0,2025-04-28,2010.0,3.0,0.0
51143,1208.0,2025-07-21,2062.0,9.0,0.02
51144,1161.0,2025-05-05,2083.0,1.0,0.05
51145,1300.0,2025-11-09,2065.0,8.0,0.05
51146,1232.0,2025-12-02,2060.0,6.0,0.25
51147,1006.0,2025-05-29,2047.0,8.0,0.0
51148,1114.0,2024-09-27,2025.0,5.0,0.05
51149,1087.0,2025-03-13,2029.0,2.0,0.0
51150,1177.0,2024-11-06,2075.0,8.0,0.02
51151,1080.0,2025-04-04,2007.0,7.0,0.1
51152,1290.0,2025-08-15,2009.0,5.0,0.0
51153,1090.0,2024-09-26,2040.0,4.0,0.1
51154,1157.0,2025-01-04,2078.0,4.0,0.05
51155,1037.0,2024-02-03,2066.0,5.0,0.0
51156,1273.0,2025-06-21,2059.0,3.0,0.2
51157,1274.0,2024-12-23,2054.0,3.0,0.05
51158,1239.0,2024-12-01,2012.0,3.0,0.15
51159,1106.0,2025-01-23,2034.0,1.0,0.05
51160,1018.0,2024-06-06,2008.0,10.0,0.2
51161,1214.0,2025-03-12,2076.0,3.0,0.0
51162,1129.0,2025-06-27,2076.0,2.0,0.05
51163,1298.0,2024-09-12,2026.0,2.0,0.1
51164,1210.0,2024-04-05,2030.0,10.0,0.02
51165,1162.0,2024-10-09,2032.0,5.0,0.02
51166,1297.0,2024-05-24,2089.0,4.0,0.25
51167,1241.0,2024-09-29,2049.0,5.0,0.05
51168,1138.0,2025-04-02,2077.0,1.0,0.1
51169,1006.0,2024-03-23,2045.0,4.0,0.1
51170,1028.0,2025-06-29,2070.0,3.0,0.15
51171,1134.0,2024-06-12,2053.0,9.0,0.15
51172,1169.0,2025-10-15,2028.0,1.0,0.05
51173,1010.0,2025-06-18,2088.0,5.0,0.0
51174,1038.0,2024-07-17,2071.0,8.0,0.0
51175,1212.0,2025-02-15,2077.0,9.0,0.1
51176,1226.0,2024-03-21,2095.0,6.0,0.15
51177,1009.0,2024-03-13,2025.0,3.0,0.05
51178,1153.0,2025-11-28,2010.0,4.0,0.0
51179,1025.0,2025-08-08,2059.0,3.0,0.0
51180,1218.0,2024-04-22,2033.0,,0.05
51181,1251.0,2024-07-25,2044.0,3.0,0.15
51182,1261.0,2024-05-24,2024.0,7.0,0.0
51183,1180.0,2024-10-15,2040.0,7.0,0.1
51184,1189.0,2024-07-31,2040.0,10.0,0.1
51185,1278.0,2024-08-27,2036.0,4.0,0.2
51186,1184.0,2025-01-21,2075.0,10.0,0.0
51187,1134.0,2024-05-18,2060.0,5.0,0.2
51188,1227.0,2025-10-06,2048.0,7.0,0.1
51189,1178.0,2025-06-15,2012.0,7.0,0.1
51190,1253.0,2025-07-09,2058.0,9.0,0.0
51191,1158.0,2024-05-03,2018.0,5.0,0.05
51192,1261.0,2025-05-31,2032.0,8.0,0.1
51193,1014.0,2025-09-02,2042.0,4.0,0.02
51194,1011.0,2024-05-07,2015.0,5.0,0.05
51195,1030.0,2025-07-02,2039.0,5.0,0.05
51196,1167.0,2024-09-18,2027.0,8.0,0.05
51197,1213.0,2025-07-28,2085.0,7.0,0.0
51198,1065.0,2024-12-15,2086.0,1.0,0.05
51199,1047.0,2025-08-08,2001.0,9.0,0.0
51200,1259.0,2024-04-17,2061.0,8.0,0.2
51201,1226.0,2024-10-11,2065.0,2.0,0.25
51202,1195.0,2024-07-18,2038.0,10.0,0.0
51203,1147.0,2024-06-30,2047.0,7.0,0.0
51204,1127.0,2024-08-13,2079.0,1.0,0.0
51205,1007.0,2024-10-06,2038.0,5.0,0.05
51206,1057.0,2024-04-02,2007.0,9.0,0.15
51207,1270.0,2025-05-31,2038.0,3.0,0.05
51208,,2025-02-05,2026.0,10.0,0.0
51209,1212.0,2025-08-28,2039.0,5.0,0.0
51210,1212.0,2025-05-29,2024.0,3.0,0.0
51211,1093.0,2024-04-18,2015.0,4.0,0.15
51212,1062.0,2024-02-21,2099.0,6.0,0.1
51213,1208.0,2024-11-04,2013.0,7.0,0.05
51214,1029.0,2024-12-17,2071.0,10.0,0.02
51215,1149.0,2024-06-24,2072.0,2.0,0.2
51216,1267.0,2025-07-25,2062.0,10.0,0.02
51217,1214.0,2025-02-28,2092.0,6.0,0.15
51218,1230.0,2025-06-30,2001.0,2.0,0.15
51219,1025.0,2024-03-20,2031.0,10.0,0.05
51220,1060.0,2025-08-18,2019.0,4.0,0.15
51221,1083.0,2024-05-30,2058.0,7.0,0.0
51222,1088.0,2024-11-23,2064.0,7.0,0.1
51223,1059.0,2024-11-16,2090.0,1.0,0.0
51224,1292.0,2025-08-22,2038.0,3.0,0.05
51225,1050.0,2024-07-21,2024.0,7.0,0.0
51226,1213.0,2024-06-24,2093.0,4.0,0.0
51227,1177.0,2024-09-04,2068.0,1.0,0.0
51228,1184.0,2024-09-20,2077.0,1.0,0.02
51229,1065.0,2024-05-12,2045.0,9.0,0.1
51230,1093.0,2024-05-08,2045.0,2.0,0.05
51231,1182.0,2024-06-17,,2.0,0.02
51232,1090.0,2024-12-07,2075.0,6.0,0.25
51233,1209.0,2024-09-07,2022.0,2.0,0.2
51234,1012.0,2024-10-13,2098.0,7.0,0.0
51235,1022.0,2025-06-08,2018.0,6.0,0.05
51236,1219.0,2024-06-24,2047.0,7.0,0.1
51237,1186.0,2025-10-26,2032.0,5.0,0.1
51238,1013.0,2025-07-02,2065.0,8.0,0.02
51239,1270.0,2024-05-07,2069.0,7.0,0.1
51240,1002.0,2024-08-17,2092.0,5.0,0.0
51241,1287.0,2024-05-13,2079.0,1.0,0.02
51242,1219.0,2024-07-18,2025.0,3.0,0.1
51243,1297.0,2024-09-23,2021.0,2.0,0.1
51244,,2024-04-05,2089.0,1.0,0.15
51245,1094.0,2024-01-11,2049.0,3.0,0.0
51246,1227.0,2024-11-16,2010.0,3.0,0.0
51247,1064.0,2025-05-26,2083.0,1.0,0.0
51248,1142.0,2024-08-09,2065.0,4.0,0.0
51249,1073.0,2025-09-20,2003.0,6.0,0.0
51250,1146.0,2024-09-26,2079.0,2.0,0.05
51251,1262.0,2025-10-19,2061.0,3.0,0.05
51252,1131.0,2024-06-21,2062.0,1.0,0.1
51253,1028.0,2025-01-28,2087.0,1.0,0.02
51254,1098.0,2025-07-11,2050.0,2.0,0.0
51255,1236.0,2024-02-13,2047.0,5.0,0.1
51256,1157.0,2025-11-09,2062.0,7.0,0.0
51257,1169.0,2024-09-23,2020.0,8.0,0.15
51258,1130.0,2024-12-29,2016.0,7.0,0.0
51259,1088.0,2025-04-03,2085.0,7.0,0.05
51260,1180.0,2025-04-14,2022.0,10.0,0.15
51261,1190.0,2024-01-18,2051.0,3.0,0.05
51262,1270.0,2025-09-25,2027.0,8.0,0.1
51263,1186.0,2025-03-31,2024.0,10.0,0.1
51264,1299.0,2025-12-30,2060.0,6.0,0.0
51265,1248.0,2024-12-10,2081.0,9.0,0.1
51266,1024.0,2025-03-23,2045.0,2.0,0.15
51267,1118.0,2024-11-17,2014.0,9.0,0.25
51268,1116.0,2025-10-11,2025.0,6.0,0.05
51269,1001.0,2025-08-30,2017.0,3.0,0.02
51270,1055.0,2025-10-25,2089.0,1.0,0.1
51271,1229.0,2025-01-03,2032.0,8.0,0.05
51272,1106.0,2025-07-31,2038.0,5.0,0.0
51273,1045.0,2024-09-18,2008.0,4.0,0.0
51274,1087.0,2024-12-02,2045.0,4.0,0.0
51275,1083.0,2025-07-08,2092.0,10.0,0.05
51276,1053.0,2024-02-29,2041.0,5.0,0.0
51277,1031.0,2025-06-02,2066.0,1.0,0.0
51278,1230.0,2024-01-12,2019.0,3.0,0.0
51279,1248.0,2025-02-27,2015.0,2.0,0.2
51280,1149.0,2024-12-14,2074.0,7.0,0.0
51281,1185.0,2024-12-08,2007.0,9.0,0.0
51282,1276.0,2024-12-26,2045.0,9.0,0.05
51283,1253.0,2024-12-25,2032.0,7.0,0.0
51284,1010.0,2024-10-24,2002.0,8.0,0.2
51285,1286.0,2024-11-25,2054.0,5.0,0.2
51286,1021.0,2025-02-18,2097.0,7.0,0.05
51287,1008.0,2025-07-11,2007.0,2.0,0.05
51288,1121.0,2025-02-07,2082.0,6.0,0.02
51289,1224.0,2025-04-14,2054.0,6.0,0.0
51290,1025.0,2025-09-02,2073.0,1.0,0.0
51291,1088.0,2025-12-23,2010.0,6.0,0.0
51292,1079.0,2024-03-20,2087.0,8.0,0.0
51293,1120.0,2025-06-04,2002.0,4.0,0.05
51294,1296.0,2024-06-13,2091.0,6.0,0.0
51295,1100.0,2024-05-23,2066.0,3.0,0.0
51296,1063.0,2025-08-01,2034.0,3.0,0.05
51297,1037.0,2024-02-20,2001.0,2.0,0.05
51298,1060.0,2025-09-10,2062.0,4.0,0.0
51299,1040.0,2025-07-16,2009.0,9.0,0.0
51300,1173.0,2025-12-27,2061.0,10.0,0.0
51301,1127.0,2025-05-02,2078.0,7.0,0.0
51302,1150.0,2025-09-29,2027.0,7.0,0.15
51303,1250.0,2024-03-27,2024.0,7.0,0.2
51304,1175.0,2025-10-11,2023.0,5.0,0.05
51305,1047.0,2024-04-27,2023.0,5.0,0.05
51306,1114.0,2024-08-17,2012.0,7.0,0.1
51307,1094.0,2024-04-03,2025.0,8.0,0.1
51308,1249.0,2024-10-20,2066.0,5.0,0.0
51309,1093.0,2025-06-30,2031.0,6.0,0.0
51310,1042.0,2024-07-14,2079.0,5.0,0.05
51311,1221.0,2025-08-23,2082.0,3.0,0.05
51312,1129.0,2025-03-18,2077.0,3.0,0.0
51313,1029.0,2025-04-04,2054.0,1.0,0.0
51314,1207.0,2025-11-16,2032.0,5.0,0.02
51315,1064.0,2024-11-11,2093.0,8.0,0.0
51316,1261.0,2024-09-08,2021.0,7.0,0.05
51317,1250.0,2025-12-27,2047.0,10.0,0.1
51318,1111.0,2025-02-10,2046.0,1.0,0.05
51319,1167.0,2025-03-24,2075.0,8.0,0.0
51320,1171.0,2024-08-04,2055.0,8.0,0.0
51321,1197.0,2024-06-06,2080.0,5.0,0.15
51322,1021.0,2024-05-03,2092.0,3.0,0.05
51323,1098.0,2024-06-12,2040.0,4.0,0.0
51324,1052.0,2024-05-22,2088.0,7.0,0.0
51325,1210.0,2025-06-29,2017.0,9.0,0.15
51326,1021.0,2024-02-12,2092.0,7.0,0.1
51327,1156.0,2025-04-04,2018.0,6.0,0.15
51328,1219.0,2025-11-23,2086.0,7.0,0.1
51329,1285.0,2025-07-12,2040.0,1.0,0.05
51330,1087.0,2024-10-21,2097.0,7.0,0.05
51331,1003.0,2024-02-13,2013.0,1.0,0.0
51332,1218.0,2025-08-31,2047.0,10.0,0.1
51333,1001.0,2024-01-03,2091.0,9.0,0.1
51334,1020.0,2025-05-12,2005.0,6.0,0.0
51335,1298.0,2025-05-04,2027.0,4.0,0.15
51336,1259.0,2024-05-20,2009.0,8.0,0.02
51337,1213.0,2025-06-24,2033.0,7.0,0.0
51338,1251.0,2024-05-08,2040.0,8.0,0.02
51339,1023.0,2024-06-13,2062.0,6.0,0.15
51340,1027.0,2025-08-15,2026.0,3.0,0.2
51341,1091.0,2025-12-15,2016.0,1.0,0.05
51342,1008.0,2024-07-12,2017.0,3.0,0.2
51343,1267.0,2025-11-03,2094.0,6.0,0.15
51344,1017.0,2025-10-28,2096.0,5.0,0.15
51345,1164.0,2025-07-15,2023.0,6.0,0.15
51346,1257.0,2024-04-12,2020.0,3.0,0.02
51347,1221.0,2024-08-06,2006.0,10.0,0.1
51348,1071.0,2025-05-09,2096.0,4.0,0.05
51349,1142.0,2025-12-30,2071.0,9.0,0.1
51350,1165.0,2025-08-17,2077.0,4.0,0.0
51351,1231.0,2024-11-02,2030.0,5.0,0.1
51352,1128.0,2024-06-20,2065.0,7.0,0.2
51353,1086.0,2025-12-02,2006.0,3.0,0.02
51354,1239.0,2024-07-20,2068.0,3.0,0.25
51355,1266.0,2024-09-06,2058.0,4.0,0.02
51356,1147.0,2025-12-05,2034.0,9.0,0.0
51357,1009.0,2025-02-14,2072.0,2.0,0.0
51358,1151.0,2024-07-12,2065.0,5.0,0.15
51359,1267.0,2024-01-04,2044.0,7.0,0.05
51360,1297.0,2024-11-09,2019.0,8.0,0.02
51361,1121.0,2025-12-20,2003.0,5.0,0.1
51362,1046.0,2024-11-11,2094.0,1.0,0.02
51363,1172.0,2025-05-25,2029.0,1.0,0.05
51364,1250.0,2024-07-03,2031.0,5.0,0.15
51365,1284.0,2025-07-20,2069.0,9.0,0.1
51366,1016.0,2025-07-20,2026.0,1.0,0.1
51367,1088.0,2025-03-20,2038.0,9.0,0.1
51368,1144.0,2025-07-17,2072.0,7.0,0.25
51369,1030.0,2025-02-26,2060.0,1.0,0.0
51370,1266.0,2024-10-03,2066.0,4.0,0.0
51371,1034.0,2025-06-22,2001.0,3.0,0.0
51372,1200.0,2025-09-01,2046.0,10.0,0.05
51373,1276.0,2025-09-05,2048.0,6.0,0.1
51374,1206.0,2024-06-04,2064.0,4.0,0.1
51375,1229.0,2025-05-08,2016.0,3.0,0.02
51376,1079.0,2024-01-04,2016.0,6.0,0.0
51377,1249.0,2025-02-21,2077.0,1.0,0.1
51378,1126.0,2025-02-20,2068.0,3.0,0.25
51379,1019.0,2024-09-22,2082.0,2.0,0.0
51380,1110.0,2025-12-26,2028.0,7.0,0.0
51381,1105.0,2025-10-06,2100.0,7.0,0.0
51382,1157.0,2024-01-29,2028.0,5.0,0.05
51383,1080.0,2024-06-01,2066.0,2.0,0.0
51384,1139.0,2024-05-31,2017.0,4.0,0.02
51385,1129.0,2025-10-17,2092.0,9.0,0.1
51386,1099.0,2025-01-13,2034.0,3.0,0.02
51387,1209.0,2025-06-16,2081.0,2.0,0.02
51388,1092.0,2025-08-14,2034.0,2.0,0.0
51389,1230.0,2025-07-14,2080.0,9.0,0.2
51390,1076.0,2024-03-06,2046.0,2.0,0.05
51391,1260.0,2024-04-12,2007.0,6.0,0.02
51392,1110.0,2024-10-15,2020.0,,0.0
51393,1013.0,2024-09-04,2069.0,7.0,0.1
51394,1045.0,2025-06-29,2020.0,5.0,0.15
51395,1242.0,2024-04-24,2028.0,3.0,0.0
51396,1262.0,2024-09-28,2055.0,1.0,0.0
51397,1064.0,2024-06-21,2026.0,2.0,0.0
51398,1181.0,2024-05-17,2013.0,10.0,0.1
51399,1173.0,2024-05-06,2063.0,2.0,0.2
51400,1041.0,2024-05-22,2069.0,1.0,
51401,1136.0,2025-02-15,2074.0,9.0,0.02
51402,1209.0,2024-10-26,2095.0,5.0,0.1
51403,1291.0,2024-11-13,2013.0,4.0,0.1
51404,1255.0,2024-12-15,2043.0,8.0,0.0
51405,1030.0,2025-06-24,2024.0,6.0,0.0
51406,1072.0,2025-09-21,2091.0,10.0,0.02
51407,1132.0,2025-01-19,2054.0,5.0,0.1
51408,1046.0,2025-04-13,2010.0,8.0,0.1
51409,1172.0,2025-06-23,2070.0,9.0,0.1
51410,1003.0,2025-05-18,2005.0,5.0,0.15
51411,1035.0,2024-04-08,2028.0,3.0,0.0
51412,1015.0,2025-12-18,2073.0,10.0,0.02
51413,1089.0,2024-04-30,2051.0,3.0,0.0
51414,1229.0,2024-10-27,2077.0,1.0,0.15
51415,1054.0,2025-04-21,2058.0,6.0,0.1
51416,1297.0,2024-10-21,2085.0,,0.0
51417,1081.0,2024-06-26,2057.0,1.0,0.0
51418,1014.0,2025-11-05,2006.0,9.0,0.1
51419,1101.0,2024-02-22,2008.0,9.0,0.1
51420,1225.0,2024-06-28,2078.0,10.0,0.1
51421,1032.0,2025-12-25,2004.0,5.0,0.0
51422,1022.0,2025-06-16,2038.0,3.0,0.2
51423,1255.0,2024-03-04,2002.0,6.0,0.1
51424,1178.0,2025-07-04,2031.0,2.0,0.1
51425,1103.0,2025-12-08,2060.0,9.0,0.1
51426,1227.0,2024-03-12,2018.0,7.0,0.2
51427,1254.0,2024-10-29,2047.0,5.0,0.2
51428,1108.0,2024-12-07,2100.0,6.0,0.1
51429,1169.0,2024-04-05,2008.0,8.0,0.05
51430,1004.0,2024-05-26,2007.0,6.0,0.02
51431,1092.0,2024-05-06,2028.0,9.0,0.15
51432,1179.0,2024-05-15,2083.0,10.0,0.1
51433,1060.0,2024-10-21,2041.0,10.0,0.0
51434,1298.0,2024-12-04,2064.0,7.0,0.0
51435,1292.0,2024-06-22,2004.0,8.0,0.2
51436,1078.0,2024-07-30,2074.0,4.0,0.15
51437,1119.0,2024-05-20,2007.0,1.0,0.2
51438,1057.0,2025-08-04,2072.0,5.0,0.05
51439,1152.0,2024-06-03,2015.0,9.0,0.15
51440,1038.0,2025-10-24,2086.0,2.0,0.15
51441,1118.0,2025-01-28,2030.0,6.0,0.02
51442,1167.0,2025-08-08,2019.0,2.0,0.0
51443,1184.0,2025-04-09,2034.0,5.0,0.25
51444,1179.0,2024-07-13,2001.0,2.0,0.0
51445,1067.0,2025-03-14,2017.0,8.0,0.1
51446,1238.0,2024-07-19,2060.0,9.0,0.1
51447,1208.0,2024-03-27,2031.0,8.0,0.1
51448,1226.0,2024-07-04,2036.0,8.0,0.0
51449,1141.0,2024-07-20,2081.0,3.0,0.1
51450,1268.0,2024-04-08,2013.0,6.0,0.0
51451,1117.0,2024-01-18,2040.0,2.0,0.15
51452,1242.0,2025-11-19,2019.0,4.0,0.0
51453,1062.0,2025-01-09,2049.0,6.0,0.1
51454,1075.0,2024-10-20,2034.0,7.0,0.15
51455,1159.0,2025-11-09,2005.0,1.0,0.0
51456,1167.0,2024-06-13,2008.0,9.0,0.0
51457,1224.0,2024-10-21,2086.0,5.0,0.1
51458,1090.0,2025-09-10,2006.0,9.0,0.0
51459,1262.0,2025-04-06,2079.0,6.0,0.0
51460,1099.0,2024-10-18,2092.0,6.0,0.05
51461,1161.0,2024-07-05,2047.0,7.0,0.2
51462,1280.0,2024-01-26,2032.0,9.0,0.05
51463,1162.0,2024-03-03,2078.0,2.0,0.02
51464,1205.0,2024-04-28,2099.0,6.0,0.25
51465,1273.0,2025-07-28,2013.0,1.0,0.05
51466,1293.0,2025-04-11,2097.0,5.0,0.05
51467,1150.0,2024-11-12,2095.0,9.0,0.05
51468,1126.0,2025-07-25,2015.0,9.0,0.02
51469,1060.0,2024-04-27,2006.0,3.0,0.02
51470,1162.0,2024-06-02,2072.0,4.0,0.1
51471,1276.0,2024-10-13,2008.0,6.0,0.0
51472,1147.0,2025-10-31,2061.0,4.0,0.1
51473,1105.0,2025-03-24,2007.0,2.0,0.0
51474,1033.0,2025-09-13,2070.0,4.0,0.02
51475,1117.0,2024-06-30,2024.0,5.0,0.0
51476,1072.0,2025-09-11,2010.0,6.0,0.05
51477,1294.0,2024-02-22,2007.0,10.0,0.1
51478,1159.0,2024-06-15,2019.0,6.0,0.02
51479,1042.0,2025-01-16,2055.0,4.0,0.0
51480,1021.0,2024-02-06,2008.0,7.0,0.0
51481,1256.0,2025-09-18,2081.0,8.0,0.15
51482,1280.0,2025-09-25,2061.0,5.0,0.0
51483,1229.0,2025-01-30,2030.0,5.0,0.1
51484,1038.0,2024-08-11,2099.0,3.0,0.02
51485,1030.0,2024-03-13,2066.0,9.0,0.0
51486,1060.0,2025-03-27,2068.0,9.0,0.1
51487,1226.0,2025-01-27,2018.0,2.0,0.05
51488,1230.0,2025-07-08,2072.0,4.0,0.0
51489,1252.0,2025-03-15,2056.0,3.0,0.2
51490,1030.0,2024-04-03,2099.0,10.0,0.0
51491,1046.0,2024-03-29,2048.0,1.0,
51492,1271.0,2025-07-24,2068.0,3.0,0.02
51493,1279.0,2024-04-26,2035.0,4.0,0.05
51494,1218.0,2025-11-16,2005.0,6.0,0.15
51495,1032.0,2024-03-18,2013.0,3.0,0.0
51496,1021.0,2025-06-15,2087.0,6.0,0.2
51497,1017.0,2025-12-12,2074.0,8.0,0.1
51498,1208.0,2024-11-18,2037.0,9.0,0.2
51499,1254.0,2024-02-11,2070.0,1.0,0.15
51500,1190.0,2025-10-01,2001.0,2.0,0.2
50101,1253.0,2025-04-27,2092.0,4.0,0.2
50356,1068.0,2024-03-25,2062.0,6.0,0.15
50778,1292.0,2024-01-20,2060.0,5.0,0.0
51101,1035.0,2025-01-09,2062.0,2.0,0.0
51451,1117.0,2024-01-18,2040.0,2.0,0.15
